User_ID,Component_Type,Component_ID,Rating
U001,Panel,P098,3
U001,Panel,P099,4
U001,Panel,P081,3
U001,Panel,P010,4
U001,Panel,P040,5
U001,Panel,P089,4
U001,Panel,P020,5
U001,Panel,P026,3
U001,Panel,P060,5
U001,Panel,P064,3
U001,Inverter,I021,4
U001,Inverter,I039,4
U001,Inverter,I032,5
U001,Inverter,I001,4
U001,Inverter,I002,4
U001,Inverter,I046,3
U001,Inverter,I004,5
U001,Battery,B009,4
U001,Battery,B003,4
U001,Battery,B042,4
U002,Panel,P003,4
U002,Panel,P015,3
U002,Panel,P069,5
U002,Panel,P030,1
U002,Panel,P072,4
U002,Panel,P011,2
U002,Panel,P039,5
U002,Panel,P059,1
U002,Panel,P050,3
U002,Panel,P099,4
U002,Inverter,I049,4
U002,Inverter,I008,1
U002,Inverter,I003,1
U002,Inverter,I040,5
U002,Inverter,I012,1
U002,Battery,B033,3
U002,Battery,B001,5
U002,Battery,B035,3
U002,Battery,B050,3
U002,Battery,B041,5
U002,Battery,B025,5
U002,Battery,B020,3
U003,Panel,P040,4
U003,Panel,P020,4
U003,Panel,P078,4
U003,Panel,P089,4
U003,Panel,P007,3
U003,Panel,P076,5
U003,Panel,P013,2
U003,Panel,P073,5
U003,Panel,P091,4
U003,Inverter,I009,4
U003,Inverter,I036,5
U003,Inverter,I014,5
U003,Inverter,I044,4
U003,Inverter,I045,5
U003,Battery,B041,5
U003,Battery,B007,3
U003,Battery,B050,4
U003,Battery,B040,2
U003,Battery,B035,4
U003,Battery,B001,5
U004,Panel,P002,5
U004,Panel,P090,4
U004,Panel,P099,5
U004,Panel,P060,5
U004,Panel,P097,4
U004,Panel,P007,2
U004,Panel,P021,4
U004,Panel,P008,4
U004,Panel,P096,5
U004,Inverter,I001,4
U004,Inverter,I026,4
U004,Inverter,I044,3
U004,Inverter,I049,3
U004,Inverter,I037,3
U004,Inverter,I005,4
U004,Battery,B047,4
U004,Battery,B022,4
U004,Battery,B028,5
U005,Panel,P053,4
U005,Panel,P014,5
U005,Panel,P078,2
U005,Panel,P083,4
U005,Panel,P016,2
U005,Panel,P070,1
U005,Inverter,I047,5
U005,Inverter,I035,3
U005,Inverter,I041,3
U005,Inverter,I046,4
U005,Inverter,I027,3
U005,Inverter,I022,3
U005,Battery,B043,2
U005,Battery,B012,4
U005,Battery,B011,5
U006,Panel,P006,2
U006,Panel,P041,4
U006,Panel,P059,5
U006,Panel,P058,5
U006,Panel,P010,1
U006,Panel,P034,3
U006,Panel,P098,4
U006,Inverter,I016,4
U006,Inverter,I038,4
U006,Inverter,I039,3
U006,Inverter,I047,5
U006,Inverter,I023,4
U006,Inverter,I030,4
U006,Inverter,I014,4
U006,Battery,B041,4
U006,Battery,B037,5
U006,Battery,B035,5
U006,Battery,B010,2
U007,Panel,P012,4
U007,Panel,P081,5
U007,Panel,P042,5
U007,Panel,P038,5
U007,Panel,P088,5
U007,Panel,P069,2
U007,Panel,P097,4
U007,Panel,P039,3
U007,Panel,P054,4
U007,Inverter,I050,4
U007,Inverter,I048,3
U007,Inverter,I036,5
U007,Battery,B009,5
U007,Battery,B045,5
U007,Battery,B011,3
U007,Battery,B016,5
U008,Panel,P067,3
U008,Panel,P089,4
U008,Panel,P052,4
U008,Panel,P027,5
U008,Panel,P062,3
U008,Inverter,I003,5
U008,Inverter,I026,4
U008,Inverter,I037,5
U008,Inverter,I006,5
U008,Inverter,I027,5
U008,Inverter,I029,3
U008,Battery,B037,2
U008,Battery,B003,4
U008,Battery,B012,3
U009,Panel,P041,5
U009,Panel,P089,4
U009,Panel,P059,4
U009,Panel,P066,3
U009,Panel,P030,3
U009,Panel,P017,4
U009,Inverter,I002,3
U009,Inverter,I040,4
U009,Inverter,I004,5
U009,Inverter,I015,1
U009,Inverter,I008,4
U009,Battery,B013,4
U009,Battery,B001,5
U009,Battery,B048,5
U010,Panel,P004,5
U010,Panel,P039,2
U010,Panel,P027,4
U010,Panel,P082,4
U010,Panel,P091,5
U010,Inverter,I046,4
U010,Inverter,I038,3
U010,Inverter,I014,5
U010,Inverter,I001,5
U010,Battery,B033,4
U010,Battery,B040,1
U010,Battery,B017,4
U010,Battery,B004,4
U010,Battery,B050,4
U011,Panel,P026,4
U011,Panel,P039,3
U011,Panel,P027,5
U011,Panel,P096,4
U011,Panel,P053,2
U011,Inverter,I013,4
U011,Inverter,I049,3
U011,Inverter,I022,3
U011,Inverter,I046,4
U011,Inverter,I003,5
U011,Inverter,I004,5
U011,Battery,B008,2
U011,Battery,B023,4
U011,Battery,B017,1
U012,Panel,P035,3
U012,Panel,P049,5
U012,Panel,P089,5
U012,Panel,P081,4
U012,Panel,P015,3
U012,Panel,P063,3
U012,Panel,P070,3
U012,Panel,P024,5
U012,Panel,P036,5
U012,Inverter,I010,4
U012,Inverter,I029,4
U012,Inverter,I020,5
U012,Inverter,I042,1
U012,Battery,B010,3
U012,Battery,B005,3
U012,Battery,B031,4
U013,Panel,P093,4
U013,Panel,P030,4
U013,Panel,P075,5
U013,Panel,P049,2
U013,Panel,P040,5
U013,Panel,P091,3
U013,Panel,P085,3
U013,Panel,P037,5
U013,Panel,P045,5
U013,Inverter,I013,1
U013,Inverter,I021,3
U013,Inverter,I034,4
U013,Inverter,I030,4
U013,Inverter,I016,5
U013,Battery,B023,4
U013,Battery,B005,4
U013,Battery,B014,3
U013,Battery,B046,5
U014,Panel,P074,4
U014,Panel,P070,5
U014,Panel,P082,4
U014,Panel,P084,5
U014,Panel,P100,5
U014,Panel,P015,4
U014,Panel,P014,3
U014,Panel,P022,2
U014,Panel,P068,1
U014,Panel,P016,5
U014,Inverter,I033,4
U014,Inverter,I029,4
U014,Inverter,I005,5
U014,Battery,B012,4
U014,Battery,B031,4
U014,Battery,B050,4
U014,Battery,B016,4
U014,Battery,B038,3
U015,Panel,P060,2
U015,Panel,P069,5
U015,Panel,P053,5
U015,Panel,P070,4
U015,Panel,P010,2
U015,Panel,P068,1
U015,Panel,P035,3
U015,Panel,P041,5
U015,Panel,P013,5
U015,Panel,P088,2
U015,Inverter,I044,2
U015,Inverter,I042,3
U015,Inverter,I011,3
U015,Battery,B001,3
U015,Battery,B031,4
U015,Battery,B042,3
U015,Battery,B041,3
U015,Battery,B014,5
U015,Battery,B026,5
U016,Panel,P007,2
U016,Panel,P052,5
U016,Panel,P097,4
U016,Panel,P022,5
U016,Panel,P067,3
U016,Panel,P008,4
U016,Inverter,I040,4
U016,Inverter,I013,4
U016,Inverter,I045,4
U016,Inverter,I036,2
U016,Inverter,I049,2
U016,Inverter,I009,5
U016,Inverter,I019,5
U016,Battery,B023,4
U016,Battery,B049,4
U016,Battery,B012,5
U016,Battery,B017,4
U016,Battery,B022,4
U016,Battery,B025,5
U017,Panel,P062,5
U017,Panel,P019,5
U017,Panel,P046,4
U017,Panel,P028,5
U017,Panel,P016,1
U017,Panel,P010,5
U017,Panel,P048,2
U017,Panel,P096,5
U017,Panel,P077,5
U017,Panel,P023,5
U017,Inverter,I037,3
U017,Inverter,I047,2
U017,Inverter,I020,3
U017,Inverter,I004,2
U017,Battery,B003,4
U017,Battery,B033,1
U017,Battery,B037,5
U018,Panel,P073,5
U018,Panel,P098,3
U018,Panel,P038,5
U018,Panel,P017,5
U018,Panel,P009,4
U018,Panel,P045,5
U018,Panel,P059,3
U018,Panel,P063,2
U018,Inverter,I044,5
U018,Inverter,I007,3
U018,Inverter,I022,3
U018,Battery,B003,4
U018,Battery,B001,3
U018,Battery,B050,3
U018,Battery,B044,1
U018,Battery,B032,4
U019,Panel,P095,4
U019,Panel,P010,3
U019,Panel,P005,5
U019,Panel,P064,4
U019,Panel,P021,3
U019,Panel,P022,3
U019,Panel,P060,4
U019,Inverter,I028,4
U019,Inverter,I016,3
U019,Inverter,I041,3
U019,Inverter,I007,5
U019,Inverter,I046,2
U019,Battery,B029,4
U019,Battery,B042,5
U019,Battery,B046,2
U019,Battery,B023,4
U019,Battery,B021,4
U019,Battery,B025,2
U019,Battery,B044,5
U020,Panel,P028,3
U020,Panel,P049,5
U020,Panel,P079,5
U020,Panel,P091,4
U020,Panel,P097,3
U020,Panel,P061,2
U020,Panel,P024,3
U020,Panel,P077,4
U020,Panel,P010,4
U020,Panel,P095,4
U020,Inverter,I003,4
U020,Inverter,I017,3
U020,Inverter,I047,4
U020,Inverter,I026,5
U020,Inverter,I036,4
U020,Inverter,I025,5
U020,Battery,B012,5
U020,Battery,B004,4
U020,Battery,B013,5
U020,Battery,B040,4
U020,Battery,B044,3
U020,Battery,B038,4
U021,Panel,P035,2
U021,Panel,P021,4
U021,Panel,P042,5
U021,Panel,P098,4
U021,Panel,P029,3
U021,Panel,P096,4
U021,Panel,P049,4
U021,Panel,P032,3
U021,Panel,P033,3
U021,Panel,P046,4
U021,Inverter,I020,3
U021,Inverter,I027,4
U021,Inverter,I035,3
U021,Inverter,I001,4
U021,Inverter,I034,4
U021,Inverter,I028,4
U021,Inverter,I026,4
U021,Battery,B008,3
U021,Battery,B013,3
U021,Battery,B035,4
U021,Battery,B016,5
U021,Battery,B020,5
U021,Battery,B014,4
U022,Panel,P005,4
U022,Panel,P057,5
U022,Panel,P060,4
U022,Panel,P069,4
U022,Panel,P091,5
U022,Panel,P050,3
U022,Panel,P061,1
U022,Panel,P076,4
U022,Inverter,I008,4
U022,Inverter,I044,5
U022,Inverter,I031,2
U022,Battery,B041,5
U022,Battery,B049,3
U022,Battery,B035,4
U022,Battery,B011,4
U023,Panel,P017,3
U023,Panel,P069,4
U023,Panel,P073,4
U023,Panel,P003,4
U023,Panel,P011,3
U023,Panel,P075,2
U023,Panel,P093,4
U023,Panel,P024,3
U023,Inverter,I004,5
U023,Inverter,I029,5
U023,Inverter,I019,3
U023,Inverter,I048,3
U023,Inverter,I034,2
U023,Battery,B024,4
U023,Battery,B002,2
U023,Battery,B020,3
U023,Battery,B048,4
U023,Battery,B032,5
U023,Battery,B039,4
U024,Panel,P051,5
U024,Panel,P049,3
U024,Panel,P061,3
U024,Panel,P052,3
U024,Panel,P064,4
U024,Panel,P013,5
U024,Panel,P021,4
U024,Panel,P040,5
U024,Inverter,I040,2
U024,Inverter,I044,5
U024,Inverter,I007,5
U024,Battery,B016,4
U024,Battery,B006,3
U024,Battery,B041,5
U024,Battery,B027,5
U024,Battery,B028,3
U024,Battery,B010,5
U024,Battery,B011,4
U025,Panel,P085,3
U025,Panel,P028,5
U025,Panel,P009,3
U025,Panel,P091,5
U025,Panel,P061,5
U025,Panel,P075,5
U025,Inverter,I001,5
U025,Inverter,I050,5
U025,Inverter,I036,4
U025,Battery,B011,4
U025,Battery,B034,4
U025,Battery,B043,5
U025,Battery,B021,5
U025,Battery,B001,4
U025,Battery,B002,3
U026,Panel,P094,4
U026,Panel,P065,2
U026,Panel,P089,5
U026,Panel,P018,5
U026,Panel,P051,5
U026,Panel,P085,1
U026,Panel,P016,3
U026,Panel,P030,3
U026,Inverter,I048,3
U026,Inverter,I040,4
U026,Inverter,I005,4
U026,Inverter,I022,2
U026,Inverter,I023,3
U026,Inverter,I024,4
U026,Inverter,I021,5
U026,Battery,B010,3
U026,Battery,B044,5
U026,Battery,B030,4
U026,Battery,B020,5
U026,Battery,B019,5
U026,Battery,B024,4
U027,Panel,P007,4
U027,Panel,P005,5
U027,Panel,P094,4
U027,Panel,P040,4
U027,Panel,P054,1
U027,Panel,P082,5
U027,Panel,P030,2
U027,Panel,P009,4
U027,Panel,P078,3
U027,Inverter,I004,2
U027,Inverter,I019,4
U027,Inverter,I003,4
U027,Battery,B005,3
U027,Battery,B026,5
U027,Battery,B014,5
U027,Battery,B006,4
U027,Battery,B016,5
U027,Battery,B044,5
U028,Panel,P080,5
U028,Panel,P064,4
U028,Panel,P093,3
U028,Panel,P097,4
U028,Panel,P087,4
U028,Panel,P035,1
U028,Panel,P063,4
U028,Panel,P090,3
U028,Panel,P008,4
U028,Panel,P009,5
U028,Inverter,I024,1
U028,Inverter,I005,4
U028,Inverter,I041,2
U028,Inverter,I033,5
U028,Battery,B049,5
U028,Battery,B031,3
U028,Battery,B012,4
U028,Battery,B040,5
U028,Battery,B036,3
U029,Panel,P037,2
U029,Panel,P034,3
U029,Panel,P057,4
U029,Panel,P064,4
U029,Panel,P016,4
U029,Panel,P073,3
U029,Panel,P051,5
U029,Panel,P053,5
U029,Inverter,I046,4
U029,Inverter,I039,3
U029,Inverter,I033,5
U029,Inverter,I031,5
U029,Inverter,I044,4
U029,Inverter,I005,4
U029,Battery,B014,5
U029,Battery,B050,5
U029,Battery,B008,5
U029,Battery,B004,1
U029,Battery,B038,3
U029,Battery,B035,2
U030,Panel,P024,5
U030,Panel,P061,4
U030,Panel,P097,2
U030,Panel,P098,4
U030,Panel,P070,4
U030,Panel,P082,3
U030,Panel,P071,4
U030,Inverter,I012,5
U030,Inverter,I021,3
U030,Inverter,I010,5
U030,Inverter,I029,4
U030,Inverter,I009,1
U030,Inverter,I017,4
U030,Inverter,I025,4
U030,Battery,B019,5
U030,Battery,B028,2
U030,Battery,B044,4
U030,Battery,B035,1
U031,Panel,P068,4
U031,Panel,P040,3
U031,Panel,P099,5
U031,Panel,P075,4
U031,Panel,P028,3
U031,Inverter,I003,5
U031,Inverter,I020,4
U031,Inverter,I034,4
U031,Battery,B034,4
U031,Battery,B018,4
U031,Battery,B004,4
U031,Battery,B043,4
U032,Panel,P087,1
U032,Panel,P015,4
U032,Panel,P049,4
U032,Panel,P035,2
U032,Panel,P068,4
U032,Panel,P058,3
U032,Panel,P005,4
U032,Inverter,I022,3
U032,Inverter,I010,4
U032,Inverter,I035,4
U032,Battery,B011,5
U032,Battery,B041,5
U032,Battery,B026,4
U032,Battery,B050,3
U032,Battery,B004,5
U032,Battery,B009,3
U033,Panel,P047,5
U033,Panel,P006,5
U033,Panel,P017,4
U033,Panel,P011,5
U033,Panel,P092,4
U033,Panel,P074,5
U033,Panel,P087,4
U033,Panel,P014,4
U033,Panel,P027,3
U033,Inverter,I021,4
U033,Inverter,I048,1
U033,Inverter,I018,4
U033,Inverter,I045,5
U033,Inverter,I034,4
U033,Battery,B015,4
U033,Battery,B023,2
U033,Battery,B025,1
U034,Panel,P024,2
U034,Panel,P030,4
U034,Panel,P010,5
U034,Panel,P020,2
U034,Panel,P009,5
U034,Panel,P012,3
U034,Inverter,I002,4
U034,Inverter,I039,4
U034,Inverter,I006,4
U034,Battery,B007,5
U034,Battery,B010,5
U034,Battery,B012,4
U034,Battery,B027,3
U034,Battery,B032,1
U034,Battery,B040,5
U034,Battery,B021,4
U035,Panel,P027,5
U035,Panel,P090,2
U035,Panel,P026,4
U035,Panel,P039,4
U035,Panel,P030,4
U035,Panel,P077,5
U035,Inverter,I027,2
U035,Inverter,I014,5
U035,Inverter,I006,4
U035,Inverter,I041,4
U035,Inverter,I009,5
U035,Inverter,I034,5
U035,Battery,B023,2
U035,Battery,B007,5
U035,Battery,B037,4
U035,Battery,B021,2
U035,Battery,B015,2
U036,Panel,P051,5
U036,Panel,P010,3
U036,Panel,P034,4
U036,Panel,P060,2
U036,Panel,P032,4
U036,Panel,P086,5
U036,Inverter,I009,3
U036,Inverter,I007,4
U036,Inverter,I008,4
U036,Inverter,I014,2
U036,Battery,B011,4
U036,Battery,B005,1
U036,Battery,B013,2
U036,Battery,B019,2
U036,Battery,B003,2
U036,Battery,B014,4
U037,Panel,P038,4
U037,Panel,P007,4
U037,Panel,P096,4
U037,Panel,P051,2
U037,Panel,P043,2
U037,Inverter,I022,3
U037,Inverter,I028,5
U037,Inverter,I035,3
U037,Inverter,I048,5
U037,Inverter,I011,5
U037,Inverter,I038,4
U037,Battery,B047,3
U037,Battery,B023,2
U037,Battery,B019,5
U037,Battery,B009,4
U037,Battery,B007,3
U038,Panel,P047,4
U038,Panel,P064,1
U038,Panel,P091,5
U038,Panel,P020,3
U038,Panel,P040,5
U038,Inverter,I048,3
U038,Inverter,I050,3
U038,Inverter,I033,2
U038,Inverter,I014,5
U038,Inverter,I042,5
U038,Battery,B045,2
U038,Battery,B018,5
U038,Battery,B040,1
U038,Battery,B002,3
U038,Battery,B021,2
U038,Battery,B012,3
U039,Panel,P038,3
U039,Panel,P045,2
U039,Panel,P056,3
U039,Panel,P022,4
U039,Panel,P026,5
U039,Panel,P075,5
U039,Inverter,I026,3
U039,Inverter,I014,5
U039,Inverter,I007,3
U039,Inverter,I046,4
U039,Battery,B045,5
U039,Battery,B037,5
U039,Battery,B018,4
U040,Panel,P001,5
U040,Panel,P039,4
U040,Panel,P013,3
U040,Panel,P032,2
U040,Panel,P049,5
U040,Inverter,I045,1
U040,Inverter,I033,4
U040,Inverter,I018,3
U040,Inverter,I050,5
U040,Inverter,I019,4
U040,Inverter,I028,3
U040,Battery,B034,2
U040,Battery,B046,5
U040,Battery,B003,3
U040,Battery,B012,5
U040,Battery,B029,2
U040,Battery,B016,5
U040,Battery,B040,4
U041,Panel,P098,4
U041,Panel,P064,4
U041,Panel,P026,3
U041,Panel,P060,3
U041,Panel,P089,4
U041,Panel,P083,2
U041,Panel,P014,5
U041,Panel,P090,4
U041,Inverter,I024,4
U041,Inverter,I041,3
U041,Inverter,I034,4
U041,Inverter,I021,5
U041,Battery,B021,5
U041,Battery,B022,5
U041,Battery,B041,5
U041,Battery,B032,3
U041,Battery,B005,3
U042,Panel,P054,1
U042,Panel,P096,5
U042,Panel,P064,4
U042,Panel,P040,1
U042,Panel,P055,4
U042,Panel,P084,1
U042,Panel,P097,1
U042,Panel,P099,5
U042,Inverter,I010,5
U042,Inverter,I012,3
U042,Inverter,I024,2
U042,Inverter,I019,5
U042,Battery,B024,4
U042,Battery,B026,2
U042,Battery,B025,1
U042,Battery,B048,4
U042,Battery,B034,5
U043,Panel,P096,4
U043,Panel,P085,2
U043,Panel,P056,4
U043,Panel,P011,3
U043,Panel,P025,3
U043,Panel,P048,2
U043,Inverter,I015,3
U043,Inverter,I050,1
U043,Inverter,I019,4
U043,Inverter,I030,4
U043,Inverter,I033,3
U043,Inverter,I009,3
U043,Inverter,I005,3
U043,Battery,B038,3
U043,Battery,B046,4
U043,Battery,B050,5
U043,Battery,B025,2
U043,Battery,B002,5
U043,Battery,B032,4
U044,Panel,P061,3
U044,Panel,P060,4
U044,Panel,P010,3
U044,Panel,P070,5
U044,Panel,P089,4
U044,Panel,P093,1
U044,Panel,P071,5
U044,Panel,P015,4
U044,Panel,P046,5
U044,Inverter,I039,3
U044,Inverter,I017,3
U044,Inverter,I001,3
U044,Inverter,I019,5
U044,Inverter,I043,5
U044,Battery,B027,5
U044,Battery,B034,4
U044,Battery,B017,4
U044,Battery,B048,5
U045,Panel,P089,3
U045,Panel,P037,3
U045,Panel,P006,4
U045,Panel,P076,3
U045,Panel,P051,4
U045,Panel,P062,1
U045,Panel,P088,3
U045,Panel,P025,3
U045,Panel,P013,5
U045,Panel,P015,1
U045,Inverter,I008,3
U045,Inverter,I049,5
U045,Inverter,I019,1
U045,Battery,B001,4
U045,Battery,B044,3
U045,Battery,B019,5
U045,Battery,B030,5
U045,Battery,B029,5
U045,Battery,B050,5
U046,Panel,P034,5
U046,Panel,P042,4
U046,Panel,P046,4
U046,Panel,P023,4
U046,Panel,P064,2
U046,Panel,P009,3
U046,Panel,P092,5
U046,Panel,P020,5
U046,Inverter,I049,3
U046,Inverter,I040,4
U046,Inverter,I017,4
U046,Inverter,I027,4
U046,Battery,B014,1
U046,Battery,B032,3
U046,Battery,B024,1
U047,Panel,P059,1
U047,Panel,P016,3
U047,Panel,P060,4
U047,Panel,P041,4
U047,Panel,P093,5
U047,Panel,P020,2
U047,Panel,P013,4
U047,Panel,P050,3
U047,Panel,P067,2
U047,Inverter,I012,4
U047,Inverter,I001,3
U047,Inverter,I025,5
U047,Battery,B038,5
U047,Battery,B020,3
U047,Battery,B037,3
U047,Battery,B033,3
U047,Battery,B050,4
U047,Battery,B042,3
U048,Panel,P056,3
U048,Panel,P043,4
U048,Panel,P098,1
U048,Panel,P071,4
U048,Panel,P091,5
U048,Panel,P069,5
U048,Inverter,I014,4
U048,Inverter,I016,5
U048,Inverter,I022,4
U048,Inverter,I008,4
U048,Inverter,I050,4
U048,Inverter,I029,3
U048,Battery,B035,4
U048,Battery,B011,2
U048,Battery,B020,4
U048,Battery,B048,1
U048,Battery,B004,4
U049,Panel,P097,5
U049,Panel,P052,3
U049,Panel,P038,4
U049,Panel,P054,4
U049,Panel,P091,2
U049,Panel,P095,4
U049,Panel,P011,4
U049,Panel,P014,4
U049,Panel,P033,3
U049,Inverter,I034,2
U049,Inverter,I009,5
U049,Inverter,I015,1
U049,Inverter,I028,5
U049,Battery,B001,5
U049,Battery,B010,5
U049,Battery,B028,2
U049,Battery,B008,4
U050,Panel,P072,4
U050,Panel,P018,4
U050,Panel,P002,5
U050,Panel,P087,4
U050,Panel,P058,3
U050,Inverter,I011,5
U050,Inverter,I023,5
U050,Inverter,I041,4
U050,Inverter,I007,3
U050,Battery,B015,5
U050,Battery,B039,4
U050,Battery,B034,4
U050,Battery,B037,5
U050,Battery,B017,4
U051,Panel,P070,3
U051,Panel,P003,4
U051,Panel,P100,4
U051,Panel,P059,3
U051,Panel,P023,5
U051,Inverter,I031,4
U051,Inverter,I007,2
U051,Inverter,I012,4
U051,Inverter,I047,4
U051,Inverter,I021,4
U051,Inverter,I009,2
U051,Inverter,I030,2
U051,Battery,B037,1
U051,Battery,B004,4
U051,Battery,B011,5
U052,Panel,P054,4
U052,Panel,P045,1
U052,Panel,P061,4
U052,Panel,P077,2
U052,Panel,P060,5
U052,Panel,P030,4
U052,Panel,P083,3
U052,Panel,P051,4
U052,Inverter,I040,4
U052,Inverter,I007,2
U052,Inverter,I038,4
U052,Inverter,I002,4
U052,Inverter,I016,5
U052,Inverter,I012,5
U052,Inverter,I001,4
U052,Battery,B030,3
U052,Battery,B033,5
U052,Battery,B031,4
U052,Battery,B046,3
U053,Panel,P100,5
U053,Panel,P045,3
U053,Panel,P056,4
U053,Panel,P036,5
U053,Panel,P067,3
U053,Panel,P040,3
U053,Panel,P073,2
U053,Inverter,I008,4
U053,Inverter,I021,1
U053,Inverter,I023,5
U053,Inverter,I001,4
U053,Inverter,I026,3
U053,Battery,B034,3
U053,Battery,B042,2
U053,Battery,B007,4
U053,Battery,B032,4
U054,Panel,P011,5
U054,Panel,P095,5
U054,Panel,P040,4
U054,Panel,P033,4
U054,Panel,P048,5
U054,Panel,P056,4
U054,Inverter,I007,3
U054,Inverter,I013,5
U054,Inverter,I018,5
U054,Inverter,I028,4
U054,Inverter,I022,4
U054,Inverter,I044,5
U054,Battery,B009,3
U054,Battery,B030,3
U054,Battery,B037,5
U054,Battery,B033,3
U054,Battery,B001,2
U054,Battery,B026,4
U055,Panel,P076,5
U055,Panel,P052,2
U055,Panel,P033,5
U055,Panel,P067,5
U055,Panel,P014,3
U055,Panel,P054,5
U055,Panel,P097,5
U055,Panel,P009,2
U055,Inverter,I044,4
U055,Inverter,I011,5
U055,Inverter,I033,4
U055,Inverter,I050,3
U055,Battery,B011,4
U055,Battery,B021,5
U055,Battery,B046,4
U055,Battery,B032,4
U055,Battery,B048,4
U055,Battery,B012,4
U056,Panel,P047,3
U056,Panel,P071,3
U056,Panel,P044,1
U056,Panel,P072,2
U056,Panel,P023,3
U056,Panel,P040,4
U056,Panel,P059,4
U056,Panel,P024,2
U056,Panel,P016,4
U056,Panel,P013,4
U056,Inverter,I027,3
U056,Inverter,I040,3
U056,Inverter,I048,3
U056,Inverter,I004,2
U056,Inverter,I023,3
U056,Battery,B006,4
U056,Battery,B033,4
U056,Battery,B011,4
U056,Battery,B037,2
U056,Battery,B005,2
U056,Battery,B045,3
U056,Battery,B027,2
U057,Panel,P074,3
U057,Panel,P051,4
U057,Panel,P063,3
U057,Panel,P064,3
U057,Panel,P009,5
U057,Panel,P052,5
U057,Panel,P049,5
U057,Panel,P023,4
U057,Panel,P036,5
U057,Panel,P078,2
U057,Inverter,I020,3
U057,Inverter,I040,3
U057,Inverter,I033,1
U057,Inverter,I014,4
U057,Inverter,I023,5
U057,Inverter,I002,3
U057,Inverter,I028,5
U057,Battery,B001,3
U057,Battery,B041,3
U057,Battery,B036,4
U057,Battery,B018,5
U057,Battery,B015,3
U058,Panel,P025,4
U058,Panel,P069,4
U058,Panel,P070,4
U058,Panel,P058,3
U058,Panel,P042,1
U058,Panel,P029,5
U058,Panel,P050,4
U058,Panel,P047,2
U058,Panel,P076,5
U058,Inverter,I042,4
U058,Inverter,I026,3
U058,Inverter,I040,5
U058,Inverter,I006,4
U058,Inverter,I039,3
U058,Battery,B037,5
U058,Battery,B008,3
U058,Battery,B046,2
U058,Battery,B009,3
U058,Battery,B045,3
U058,Battery,B035,5
U058,Battery,B021,3
U059,Panel,P031,3
U059,Panel,P026,4
U059,Panel,P075,3
U059,Panel,P094,2
U059,Panel,P077,5
U059,Panel,P062,5
U059,Panel,P013,4
U059,Panel,P054,4
U059,Panel,P064,4
U059,Panel,P029,5
U059,Inverter,I022,4
U059,Inverter,I040,3
U059,Inverter,I011,4
U059,Inverter,I003,4
U059,Inverter,I044,5
U059,Inverter,I014,4
U059,Battery,B013,2
U059,Battery,B043,3
U059,Battery,B002,4
U059,Battery,B001,1
U059,Battery,B034,5
U060,Panel,P044,5
U060,Panel,P038,5
U060,Panel,P031,4
U060,Panel,P002,3
U060,Panel,P081,5
U060,Panel,P018,4
U060,Panel,P001,4
U060,Inverter,I025,1
U060,Inverter,I048,4
U060,Inverter,I040,2
U060,Battery,B039,3
U060,Battery,B019,5
U060,Battery,B016,4
U060,Battery,B044,3
U060,Battery,B024,5
U060,Battery,B011,4
U061,Panel,P100,5
U061,Panel,P073,3
U061,Panel,P047,1
U061,Panel,P059,3
U061,Panel,P092,5
U061,Panel,P001,5
U061,Panel,P023,5
U061,Panel,P081,4
U061,Panel,P022,3
U061,Panel,P087,5
U061,Inverter,I015,4
U061,Inverter,I009,3
U061,Inverter,I046,5
U061,Inverter,I003,4
U061,Battery,B048,2
U061,Battery,B030,3
U061,Battery,B035,4
U061,Battery,B027,5
U061,Battery,B047,5
U061,Battery,B009,3
U061,Battery,B014,3
U062,Panel,P006,3
U062,Panel,P011,5
U062,Panel,P038,1
U062,Panel,P077,4
U062,Panel,P044,4
U062,Panel,P095,5
U062,Panel,P002,5
U062,Inverter,I007,3
U062,Inverter,I043,1
U062,Inverter,I040,4
U062,Inverter,I048,4
U062,Inverter,I044,2
U062,Inverter,I025,2
U062,Battery,B047,5
U062,Battery,B008,4
U062,Battery,B026,5
U062,Battery,B017,4
U062,Battery,B002,2
U063,Panel,P060,5
U063,Panel,P050,5
U063,Panel,P099,4
U063,Panel,P027,4
U063,Panel,P064,5
U063,Panel,P087,4
U063,Inverter,I036,3
U063,Inverter,I040,5
U063,Inverter,I042,5
U063,Inverter,I002,5
U063,Inverter,I021,4
U063,Inverter,I026,5
U063,Inverter,I049,2
U063,Battery,B036,4
U063,Battery,B050,5
U063,Battery,B031,4
U064,Panel,P069,4
U064,Panel,P060,1
U064,Panel,P066,2
U064,Panel,P001,5
U064,Panel,P057,1
U064,Inverter,I019,4
U064,Inverter,I041,4
U064,Inverter,I030,4
U064,Battery,B039,5
U064,Battery,B006,3
U064,Battery,B017,2
U064,Battery,B022,3
U064,Battery,B011,4
U064,Battery,B046,3
U065,Panel,P061,5
U065,Panel,P004,4
U065,Panel,P031,4
U065,Panel,P090,5
U065,Panel,P030,2
U065,Panel,P080,3
U065,Panel,P074,4
U065,Inverter,I030,4
U065,Inverter,I015,5
U065,Inverter,I040,3
U065,Inverter,I004,5
U065,Battery,B008,2
U065,Battery,B049,5
U065,Battery,B042,5
U065,Battery,B017,4
U065,Battery,B005,3
U065,Battery,B003,3
U065,Battery,B026,5
U066,Panel,P071,2
U066,Panel,P027,5
U066,Panel,P008,5
U066,Panel,P023,3
U066,Panel,P089,3
U066,Inverter,I016,4
U066,Inverter,I010,3
U066,Inverter,I050,4
U066,Inverter,I013,5
U066,Inverter,I030,4
U066,Battery,B024,3
U066,Battery,B025,4
U066,Battery,B008,4
U066,Battery,B007,4
U067,Panel,P037,3
U067,Panel,P092,3
U067,Panel,P076,5
U067,Panel,P094,4
U067,Panel,P066,4
U067,Panel,P031,5
U067,Panel,P091,4
U067,Panel,P098,5
U067,Panel,P093,1
U067,Inverter,I020,4
U067,Inverter,I008,4
U067,Inverter,I019,3
U067,Inverter,I005,4
U067,Inverter,I034,3
U067,Inverter,I021,2
U067,Inverter,I006,5
U067,Battery,B021,4
U067,Battery,B036,4
U067,Battery,B007,4
U067,Battery,B047,4
U067,Battery,B040,4
U067,Battery,B008,3
U067,Battery,B012,5
U068,Panel,P020,3
U068,Panel,P025,5
U068,Panel,P021,4
U068,Panel,P069,3
U068,Panel,P061,3
U068,Panel,P067,2
U068,Panel,P070,5
U068,Panel,P090,1
U068,Panel,P053,5
U068,Panel,P060,4
U068,Inverter,I030,3
U068,Inverter,I034,1
U068,Inverter,I035,5
U068,Inverter,I029,3
U068,Inverter,I038,5
U068,Inverter,I025,4
U068,Battery,B037,5
U068,Battery,B047,2
U068,Battery,B041,4
U068,Battery,B019,4
U068,Battery,B040,4
U068,Battery,B018,4
U068,Battery,B015,1
U069,Panel,P035,4
U069,Panel,P094,1
U069,Panel,P010,1
U069,Panel,P053,5
U069,Panel,P064,5
U069,Panel,P062,5
U069,Panel,P058,2
U069,Panel,P087,1
U069,Panel,P023,4
U069,Inverter,I046,5
U069,Inverter,I019,2
U069,Inverter,I015,3
U069,Inverter,I012,2
U069,Battery,B032,1
U069,Battery,B047,3
U069,Battery,B030,5
U069,Battery,B023,3
U069,Battery,B009,2
U070,Panel,P052,4
U070,Panel,P012,2
U070,Panel,P081,2
U070,Panel,P047,4
U070,Panel,P074,4
U070,Panel,P034,3
U070,Panel,P009,3
U070,Panel,P095,5
U070,Panel,P035,4
U070,Panel,P042,4
U070,Inverter,I049,4
U070,Inverter,I001,4
U070,Inverter,I027,3
U070,Inverter,I026,2
U070,Inverter,I036,5
U070,Battery,B037,5
U070,Battery,B043,4
U070,Battery,B024,5
U070,Battery,B050,3
U071,Panel,P022,5
U071,Panel,P058,5
U071,Panel,P087,5
U071,Panel,P037,5
U071,Panel,P083,4
U071,Panel,P033,3
U071,Panel,P042,1
U071,Inverter,I010,4
U071,Inverter,I029,4
U071,Inverter,I033,3
U071,Battery,B006,4
U071,Battery,B032,4
U071,Battery,B007,5
U071,Battery,B001,5
U071,Battery,B034,3
U071,Battery,B026,5
U071,Battery,B035,3
U072,Panel,P083,1
U072,Panel,P010,5
U072,Panel,P036,4
U072,Panel,P058,2
U072,Panel,P052,3
U072,Panel,P008,4
U072,Panel,P051,4
U072,Panel,P087,4
U072,Panel,P047,4
U072,Inverter,I014,4
U072,Inverter,I043,4
U072,Inverter,I030,5
U072,Inverter,I042,3
U072,Battery,B013,4
U072,Battery,B029,3
U072,Battery,B025,4
U072,Battery,B012,5
U073,Panel,P099,3
U073,Panel,P075,4
U073,Panel,P091,5
U073,Panel,P044,4
U073,Panel,P090,4
U073,Inverter,I008,3
U073,Inverter,I029,5
U073,Inverter,I030,4
U073,Inverter,I007,4
U073,Inverter,I043,4
U073,Battery,B039,3
U073,Battery,B003,4
U073,Battery,B018,5
U074,Panel,P009,2
U074,Panel,P032,5
U074,Panel,P043,3
U074,Panel,P020,4
U074,Panel,P066,2
U074,Panel,P098,3
U074,Panel,P002,3
U074,Panel,P029,5
U074,Panel,P081,2
U074,Inverter,I001,2
U074,Inverter,I029,4
U074,Inverter,I036,5
U074,Inverter,I034,4
U074,Inverter,I047,3
U074,Battery,B004,3
U074,Battery,B030,5
U074,Battery,B023,1
U075,Panel,P074,4
U075,Panel,P100,4
U075,Panel,P098,3
U075,Panel,P043,2
U075,Panel,P025,4
U075,Panel,P028,5
U075,Panel,P060,4
U075,Inverter,I015,3
U075,Inverter,I018,3
U075,Inverter,I048,4
U075,Battery,B010,3
U075,Battery,B004,1
U075,Battery,B033,5
U075,Battery,B022,3
U075,Battery,B008,3
U076,Panel,P013,3
U076,Panel,P054,5
U076,Panel,P099,5
U076,Panel,P012,5
U076,Panel,P011,4
U076,Panel,P047,3
U076,Panel,P018,3
U076,Inverter,I032,3
U076,Inverter,I013,3
U076,Inverter,I034,2
U076,Inverter,I046,4
U076,Inverter,I004,5
U076,Inverter,I043,3
U076,Inverter,I025,3
U076,Battery,B012,1
U076,Battery,B006,3
U076,Battery,B015,5
U076,Battery,B033,4
U076,Battery,B004,4
U077,Panel,P099,5
U077,Panel,P039,4
U077,Panel,P007,5
U077,Panel,P071,3
U077,Panel,P067,5
U077,Panel,P043,3
U077,Panel,P075,5
U077,Panel,P024,4
U077,Panel,P092,4
U077,Inverter,I038,2
U077,Inverter,I035,4
U077,Inverter,I005,2
U077,Inverter,I001,4
U077,Battery,B006,4
U077,Battery,B009,4
U077,Battery,B010,4
U077,Battery,B039,5
U077,Battery,B016,4
U077,Battery,B043,4
U078,Panel,P099,5
U078,Panel,P062,3
U078,Panel,P047,5
U078,Panel,P074,1
U078,Panel,P066,4
U078,Inverter,I047,4
U078,Inverter,I049,5
U078,Inverter,I019,4
U078,Inverter,I015,3
U078,Inverter,I044,5
U078,Inverter,I021,2
U078,Inverter,I026,4
U078,Battery,B035,4
U078,Battery,B009,2
U078,Battery,B028,5
U078,Battery,B011,1
U078,Battery,B040,4
U078,Battery,B012,5
U078,Battery,B026,4
U079,Panel,P024,3
U079,Panel,P039,4
U079,Panel,P028,4
U079,Panel,P073,2
U079,Panel,P056,3
U079,Panel,P087,3
U079,Panel,P097,2
U079,Panel,P072,5
U079,Panel,P041,3
U079,Inverter,I030,4
U079,Inverter,I031,2
U079,Inverter,I047,5
U079,Inverter,I038,2
U079,Inverter,I010,4
U079,Battery,B006,2
U079,Battery,B025,1
U079,Battery,B034,5
U079,Battery,B012,1
U080,Panel,P092,2
U080,Panel,P047,2
U080,Panel,P073,5
U080,Panel,P099,4
U080,Panel,P066,4
U080,Inverter,I016,5
U080,Inverter,I028,4
U080,Inverter,I005,3
U080,Battery,B022,5
U080,Battery,B012,4
U080,Battery,B041,2
U081,Panel,P075,5
U081,Panel,P060,5
U081,Panel,P098,5
U081,Panel,P057,4
U081,Panel,P034,4
U081,Panel,P099,2
U081,Panel,P070,3
U081,Panel,P077,2
U081,Inverter,I042,5
U081,Inverter,I024,4
U081,Inverter,I040,4
U081,Battery,B038,3
U081,Battery,B022,5
U081,Battery,B008,3
U082,Panel,P097,4
U082,Panel,P056,1
U082,Panel,P036,3
U082,Panel,P076,2
U082,Panel,P073,3
U082,Panel,P054,4
U082,Panel,P051,3
U082,Panel,P065,3
U082,Inverter,I016,4
U082,Inverter,I012,3
U082,Inverter,I018,4
U082,Battery,B032,5
U082,Battery,B027,3
U082,Battery,B003,4
U082,Battery,B006,5
U082,Battery,B009,5
U082,Battery,B048,4
U082,Battery,B028,3
U083,Panel,P049,5
U083,Panel,P021,3
U083,Panel,P077,5
U083,Panel,P082,5
U083,Panel,P017,5
U083,Panel,P060,3
U083,Inverter,I045,4
U083,Inverter,I041,5
U083,Inverter,I037,5
U083,Inverter,I043,5
U083,Battery,B042,5
U083,Battery,B024,5
U083,Battery,B007,2
U083,Battery,B010,2
U083,Battery,B025,5
U084,Panel,P033,4
U084,Panel,P008,5
U084,Panel,P068,1
U084,Panel,P056,3
U084,Panel,P041,3
U084,Panel,P049,4
U084,Panel,P019,1
U084,Panel,P099,3
U084,Inverter,I042,2
U084,Inverter,I018,5
U084,Inverter,I035,3
U084,Inverter,I033,5
U084,Battery,B043,3
U084,Battery,B025,2
U084,Battery,B031,3
U084,Battery,B021,5
U084,Battery,B013,4
U084,Battery,B017,3
U084,Battery,B022,3
U085,Panel,P052,5
U085,Panel,P009,3
U085,Panel,P002,4
U085,Panel,P050,4
U085,Panel,P094,2
U085,Panel,P034,4
U085,Panel,P022,4
U085,Panel,P053,4
U085,Inverter,I023,3
U085,Inverter,I006,5
U085,Inverter,I044,4
U085,Battery,B011,4
U085,Battery,B043,5
U085,Battery,B012,4
U085,Battery,B015,4
U085,Battery,B040,2
U085,Battery,B035,4
U085,Battery,B025,4
U086,Panel,P032,3
U086,Panel,P070,2
U086,Panel,P055,3
U086,Panel,P074,2
U086,Panel,P059,4
U086,Panel,P086,4
U086,Panel,P048,4
U086,Inverter,I020,4
U086,Inverter,I050,4
U086,Inverter,I014,1
U086,Inverter,I046,5
U086,Inverter,I028,3
U086,Battery,B044,1
U086,Battery,B037,4
U086,Battery,B006,5
U086,Battery,B001,2
U086,Battery,B009,4
U086,Battery,B046,3
U086,Battery,B002,4
U087,Panel,P033,4
U087,Panel,P086,3
U087,Panel,P059,3
U087,Panel,P049,4
U087,Panel,P024,3
U087,Panel,P045,2
U087,Panel,P060,4
U087,Panel,P080,5
U087,Panel,P020,3
U087,Panel,P073,3
U087,Inverter,I025,3
U087,Inverter,I020,4
U087,Inverter,I050,2
U087,Inverter,I032,4
U087,Inverter,I049,4
U087,Battery,B050,5
U087,Battery,B025,4
U087,Battery,B031,4
U088,Panel,P083,3
U088,Panel,P068,4
U088,Panel,P033,3
U088,Panel,P059,5
U088,Panel,P067,4
U088,Panel,P030,1
U088,Inverter,I028,2
U088,Inverter,I041,4
U088,Inverter,I035,5
U088,Inverter,I047,5
U088,Battery,B015,3
U088,Battery,B022,5
U088,Battery,B024,4
U089,Panel,P076,4
U089,Panel,P009,2
U089,Panel,P079,5
U089,Panel,P090,5
U089,Panel,P082,5
U089,Panel,P073,4
U089,Panel,P027,5
U089,Inverter,I029,4
U089,Inverter,I032,4
U089,Inverter,I005,3
U089,Battery,B043,4
U089,Battery,B008,3
U089,Battery,B050,5
U089,Battery,B037,4
U089,Battery,B033,2
U089,Battery,B014,4
U090,Panel,P050,5
U090,Panel,P031,3
U090,Panel,P098,4
U090,Panel,P068,5
U090,Panel,P021,2
U090,Panel,P018,5
U090,Panel,P044,4
U090,Panel,P038,5
U090,Inverter,I045,4
U090,Inverter,I035,5
U090,Inverter,I019,3
U090,Inverter,I024,4
U090,Inverter,I027,2
U090,Inverter,I010,3
U090,Inverter,I015,4
U090,Battery,B014,4
U090,Battery,B009,5
U090,Battery,B012,2
U090,Battery,B041,4
U091,Panel,P041,4
U091,Panel,P037,4
U091,Panel,P039,5
U091,Panel,P083,4
U091,Panel,P006,4
U091,Inverter,I040,3
U091,Inverter,I026,3
U091,Inverter,I037,1
U091,Inverter,I049,3
U091,Inverter,I027,5
U091,Battery,B050,4
U091,Battery,B036,4
U091,Battery,B004,3
U091,Battery,B024,3
U091,Battery,B046,4
U092,Panel,P041,4
U092,Panel,P039,4
U092,Panel,P065,3
U092,Panel,P031,2
U092,Panel,P048,5
U092,Panel,P082,5
U092,Panel,P047,5
U092,Panel,P012,5
U092,Inverter,I021,1
U092,Inverter,I008,4
U092,Inverter,I049,3
U092,Inverter,I026,3
U092,Battery,B044,5
U092,Battery,B002,4
U092,Battery,B032,5
U092,Battery,B006,5
U092,Battery,B024,5
U092,Battery,B027,4
U092,Battery,B030,4
U093,Panel,P085,4
U093,Panel,P055,4
U093,Panel,P011,4
U093,Panel,P092,4
U093,Panel,P093,1
U093,Panel,P018,4
U093,Panel,P095,2
U093,Panel,P058,4
U093,Panel,P066,5
U093,Inverter,I024,5
U093,Inverter,I046,5
U093,Inverter,I025,5
U093,Inverter,I008,5
U093,Inverter,I019,5
U093,Inverter,I021,4
U093,Battery,B035,4
U093,Battery,B028,4
U093,Battery,B042,3
U094,Panel,P040,4
U094,Panel,P001,1
U094,Panel,P078,4
U094,Panel,P035,4
U094,Panel,P039,3
U094,Panel,P088,5
U094,Panel,P058,3
U094,Panel,P030,4
U094,Panel,P093,2
U094,Panel,P070,5
U094,Inverter,I038,2
U094,Inverter,I044,4
U094,Inverter,I035,5
U094,Battery,B002,5
U094,Battery,B038,3
U094,Battery,B007,4
U094,Battery,B047,5
U094,Battery,B003,1
U095,Panel,P043,4
U095,Panel,P004,3
U095,Panel,P050,3
U095,Panel,P084,5
U095,Panel,P076,3
U095,Inverter,I049,3
U095,Inverter,I011,3
U095,Inverter,I018,3
U095,Inverter,I007,4
U095,Inverter,I001,5
U095,Inverter,I002,4
U095,Inverter,I040,5
U095,Battery,B037,5
U095,Battery,B017,2
U095,Battery,B028,4
U095,Battery,B018,4
U095,Battery,B002,4
U095,Battery,B019,4
U096,Panel,P030,4
U096,Panel,P008,5
U096,Panel,P093,3
U096,Panel,P087,3
U096,Panel,P056,4
U096,Panel,P078,3
U096,Panel,P054,2
U096,Inverter,I005,5
U096,Inverter,I048,4
U096,Inverter,I011,4
U096,Inverter,I001,4
U096,Inverter,I041,3
U096,Inverter,I038,2
U096,Battery,B006,4
U096,Battery,B018,4
U096,Battery,B034,3
U096,Battery,B050,3
U096,Battery,B001,3
U096,Battery,B023,4
U097,Panel,P015,5
U097,Panel,P089,5
U097,Panel,P046,5
U097,Panel,P100,4
U097,Panel,P020,4
U097,Inverter,I023,3
U097,Inverter,I046,4
U097,Inverter,I020,1
U097,Battery,B023,5
U097,Battery,B005,4
U097,Battery,B028,4
U097,Battery,B018,5
U097,Battery,B032,1
U098,Panel,P053,3
U098,Panel,P095,5
U098,Panel,P099,4
U098,Panel,P061,4
U098,Panel,P096,4
U098,Panel,P064,5
U098,Panel,P069,5
U098,Panel,P055,4
U098,Inverter,I028,5
U098,Inverter,I007,4
U098,Inverter,I034,2
U098,Inverter,I010,4
U098,Inverter,I043,5
U098,Inverter,I030,2
U098,Inverter,I020,4
U098,Battery,B049,5
U098,Battery,B013,5
U098,Battery,B009,2
U098,Battery,B034,4
U098,Battery,B006,3
U098,Battery,B044,5
U098,Battery,B045,5
U099,Panel,P049,3
U099,Panel,P026,3
U099,Panel,P029,4
U099,Panel,P067,4
U099,Panel,P054,2
U099,Panel,P061,4
U099,Panel,P092,3
U099,Inverter,I045,4
U099,Inverter,I040,5
U099,Inverter,I024,4
U099,Battery,B042,5
U099,Battery,B045,5
U099,Battery,B047,4
U099,Battery,B043,5
U099,Battery,B014,4
U100,Panel,P073,3
U100,Panel,P097,4
U100,Panel,P078,3
U100,Panel,P010,4
U100,Panel,P099,3
U100,Panel,P064,3
U100,Inverter,I042,3
U100,Inverter,I014,3
U100,Inverter,I036,2
U100,Inverter,I037,1
U100,Battery,B036,3
U100,Battery,B021,4
U100,Battery,B016,3
U101,Panel,P078,4
U101,Panel,P061,3
U101,Panel,P035,3
U101,Panel,P020,5
U101,Panel,P091,5
U101,Inverter,I029,4
U101,Inverter,I035,5
U101,Inverter,I007,5
U101,Inverter,I010,3
U101,Inverter,I020,5
U101,Inverter,I048,4
U101,Inverter,I025,5
U101,Battery,B043,1
U101,Battery,B017,5
U101,Battery,B002,4
U102,Panel,P022,4
U102,Panel,P038,5
U102,Panel,P014,4
U102,Panel,P012,4
U102,Panel,P035,5
U102,Panel,P066,3
U102,Inverter,I022,3
U102,Inverter,I012,3
U102,Inverter,I030,4
U102,Inverter,I016,3
U102,Inverter,I009,5
U102,Inverter,I043,4
U102,Inverter,I014,5
U102,Battery,B012,5
U102,Battery,B048,5
U102,Battery,B038,5
U102,Battery,B049,4
U103,Panel,P085,5
U103,Panel,P053,2
U103,Panel,P017,2
U103,Panel,P016,4
U103,Panel,P015,5
U103,Panel,P061,3
U103,Panel,P041,4
U103,Panel,P089,4
U103,Panel,P087,3
U103,Panel,P045,2
U103,Inverter,I013,2
U103,Inverter,I011,5
U103,Inverter,I021,4
U103,Inverter,I015,2
U103,Battery,B035,5
U103,Battery,B030,4
U103,Battery,B019,5
U103,Battery,B011,3
U103,Battery,B044,4
U103,Battery,B037,3
U104,Panel,P003,2
U104,Panel,P076,5
U104,Panel,P032,4
U104,Panel,P016,3
U104,Panel,P075,5
U104,Panel,P085,2
U104,Inverter,I016,2
U104,Inverter,I034,5
U104,Inverter,I019,3
U104,Battery,B015,5
U104,Battery,B003,1
U104,Battery,B033,2
U104,Battery,B022,1
U105,Panel,P088,5
U105,Panel,P008,4
U105,Panel,P065,3
U105,Panel,P005,3
U105,Panel,P001,5
U105,Panel,P007,3
U105,Inverter,I031,3
U105,Inverter,I037,5
U105,Inverter,I046,5
U105,Inverter,I047,3
U105,Battery,B001,1
U105,Battery,B032,5
U105,Battery,B041,4
U105,Battery,B013,2
U105,Battery,B026,2
U105,Battery,B007,1
U105,Battery,B033,4
U106,Panel,P020,4
U106,Panel,P048,4
U106,Panel,P031,5
U106,Panel,P072,4
U106,Panel,P042,5
U106,Inverter,I022,4
U106,Inverter,I018,5
U106,Inverter,I029,4
U106,Inverter,I044,4
U106,Inverter,I033,5
U106,Battery,B010,4
U106,Battery,B023,4
U106,Battery,B007,5
U107,Panel,P054,3
U107,Panel,P075,5
U107,Panel,P007,4
U107,Panel,P081,3
U107,Panel,P041,4
U107,Panel,P035,1
U107,Inverter,I013,5
U107,Inverter,I050,3
U107,Inverter,I029,5
U107,Inverter,I028,2
U107,Inverter,I010,5
U107,Inverter,I017,5
U107,Inverter,I042,1
U107,Battery,B011,4
U107,Battery,B035,4
U107,Battery,B047,1
U107,Battery,B024,3
U107,Battery,B010,3
U107,Battery,B032,5
U107,Battery,B022,5
U108,Panel,P066,2
U108,Panel,P099,3
U108,Panel,P041,3
U108,Panel,P024,4
U108,Panel,P094,5
U108,Panel,P010,3
U108,Panel,P044,5
U108,Inverter,I014,1
U108,Inverter,I003,5
U108,Inverter,I030,2
U108,Inverter,I004,5
U108,Inverter,I015,2
U108,Inverter,I033,4
U108,Inverter,I013,5
U108,Battery,B019,2
U108,Battery,B037,5
U108,Battery,B041,2
U108,Battery,B009,5
U108,Battery,B021,2
U108,Battery,B016,5
U109,Panel,P080,4
U109,Panel,P078,5
U109,Panel,P045,2
U109,Panel,P096,4
U109,Panel,P073,4
U109,Inverter,I046,3
U109,Inverter,I050,3
U109,Inverter,I001,4
U109,Inverter,I025,5
U109,Battery,B009,3
U109,Battery,B039,4
U109,Battery,B038,2
U109,Battery,B037,5
U109,Battery,B036,2
U110,Panel,P072,5
U110,Panel,P088,5
U110,Panel,P036,4
U110,Panel,P081,1
U110,Panel,P056,1
U110,Panel,P026,5
U110,Panel,P069,5
U110,Panel,P022,4
U110,Panel,P033,1
U110,Panel,P035,3
U110,Inverter,I040,2
U110,Inverter,I011,5
U110,Inverter,I006,5
U110,Battery,B021,4
U110,Battery,B018,2
U110,Battery,B050,5
U111,Panel,P089,4
U111,Panel,P074,4
U111,Panel,P017,4
U111,Panel,P099,4
U111,Panel,P045,2
U111,Panel,P004,2
U111,Panel,P041,4
U111,Inverter,I023,5
U111,Inverter,I033,3
U111,Inverter,I047,5
U111,Inverter,I015,5
U111,Battery,B029,4
U111,Battery,B009,4
U111,Battery,B021,3
U111,Battery,B039,3
U111,Battery,B017,4
U111,Battery,B025,4
U112,Panel,P096,5
U112,Panel,P057,3
U112,Panel,P040,5
U112,Panel,P094,4
U112,Panel,P069,5
U112,Panel,P005,4
U112,Panel,P086,2
U112,Panel,P081,2
U112,Panel,P077,2
U112,Panel,P095,5
U112,Inverter,I014,5
U112,Inverter,I007,2
U112,Inverter,I036,4
U112,Inverter,I017,5
U112,Inverter,I023,4
U112,Inverter,I047,5
U112,Inverter,I019,4
U112,Battery,B039,3
U112,Battery,B011,4
U112,Battery,B018,1
U112,Battery,B044,3
U113,Panel,P075,2
U113,Panel,P045,3
U113,Panel,P070,5
U113,Panel,P026,4
U113,Panel,P047,3
U113,Panel,P022,3
U113,Panel,P066,5
U113,Inverter,I030,3
U113,Inverter,I041,4
U113,Inverter,I015,2
U113,Inverter,I034,4
U113,Battery,B014,5
U113,Battery,B032,5
U113,Battery,B023,4
U113,Battery,B011,2
U114,Panel,P029,1
U114,Panel,P058,5
U114,Panel,P093,4
U114,Panel,P074,5
U114,Panel,P028,4
U114,Panel,P025,4
U114,Panel,P043,2
U114,Panel,P050,5
U114,Inverter,I001,3
U114,Inverter,I028,2
U114,Inverter,I026,4
U114,Inverter,I029,1
U114,Inverter,I033,3
U114,Inverter,I043,5
U114,Battery,B024,5
U114,Battery,B029,4
U114,Battery,B021,3
U114,Battery,B008,4
U115,Panel,P075,4
U115,Panel,P038,2
U115,Panel,P034,5
U115,Panel,P092,3
U115,Panel,P028,5
U115,Panel,P089,4
U115,Inverter,I023,3
U115,Inverter,I009,5
U115,Inverter,I050,4
U115,Inverter,I004,3
U115,Inverter,I027,4
U115,Inverter,I002,3
U115,Inverter,I015,1
U115,Battery,B019,4
U115,Battery,B012,1
U115,Battery,B005,4
U115,Battery,B045,4
U115,Battery,B017,4
U115,Battery,B033,5
U116,Panel,P005,5
U116,Panel,P045,4
U116,Panel,P011,3
U116,Panel,P056,3
U116,Panel,P057,4
U116,Inverter,I010,5
U116,Inverter,I026,5
U116,Inverter,I009,3
U116,Inverter,I046,4
U116,Battery,B006,3
U116,Battery,B045,4
U116,Battery,B037,4
U116,Battery,B007,3
U117,Panel,P047,4
U117,Panel,P095,4
U117,Panel,P085,3
U117,Panel,P003,5
U117,Panel,P035,3
U117,Panel,P015,1
U117,Inverter,I030,4
U117,Inverter,I004,4
U117,Inverter,I010,5
U117,Inverter,I033,4
U117,Inverter,I042,3
U117,Inverter,I036,4
U117,Inverter,I040,4
U117,Battery,B001,4
U117,Battery,B029,3
U117,Battery,B012,5
U117,Battery,B042,4
U118,Panel,P062,3
U118,Panel,P037,3
U118,Panel,P045,4
U118,Panel,P008,3
U118,Panel,P069,4
U118,Inverter,I028,4
U118,Inverter,I049,3
U118,Inverter,I021,2
U118,Battery,B037,4
U118,Battery,B035,3
U118,Battery,B033,3
U118,Battery,B019,4
U118,Battery,B023,5
U118,Battery,B048,4
U118,Battery,B042,5
U119,Panel,P008,4
U119,Panel,P089,5
U119,Panel,P072,4
U119,Panel,P098,5
U119,Panel,P029,5
U119,Panel,P064,5
U119,Panel,P097,4
U119,Panel,P100,4
U119,Inverter,I015,5
U119,Inverter,I036,4
U119,Inverter,I023,5
U119,Inverter,I024,2
U119,Inverter,I042,3
U119,Inverter,I006,5
U119,Inverter,I027,4
U119,Battery,B026,5
U119,Battery,B010,3
U119,Battery,B037,5
U119,Battery,B033,4
U120,Panel,P081,4
U120,Panel,P011,4
U120,Panel,P018,3
U120,Panel,P052,4
U120,Panel,P054,2
U120,Panel,P024,5
U120,Inverter,I017,3
U120,Inverter,I042,3
U120,Inverter,I007,5
U120,Inverter,I041,2
U120,Inverter,I049,2
U120,Battery,B022,5
U120,Battery,B047,2
U120,Battery,B019,1
U121,Panel,P057,5
U121,Panel,P039,5
U121,Panel,P042,5
U121,Panel,P082,5
U121,Panel,P028,3
U121,Panel,P007,4
U121,Inverter,I025,4
U121,Inverter,I046,3
U121,Inverter,I008,3
U121,Inverter,I036,5
U121,Inverter,I015,4
U121,Battery,B005,3
U121,Battery,B040,3
U121,Battery,B047,4
U121,Battery,B012,1
U121,Battery,B045,5
U121,Battery,B002,4
U122,Panel,P059,2
U122,Panel,P073,5
U122,Panel,P041,2
U122,Panel,P095,2
U122,Panel,P017,5
U122,Panel,P023,4
U122,Panel,P048,4
U122,Panel,P065,4
U122,Panel,P038,3
U122,Panel,P083,3
U122,Inverter,I001,2
U122,Inverter,I002,1
U122,Inverter,I022,3
U122,Inverter,I032,4
U122,Battery,B031,4
U122,Battery,B044,4
U122,Battery,B033,4
U123,Panel,P064,3
U123,Panel,P027,4
U123,Panel,P034,5
U123,Panel,P066,3
U123,Panel,P023,4
U123,Inverter,I012,4
U123,Inverter,I018,2
U123,Inverter,I005,4
U123,Inverter,I017,3
U123,Battery,B047,4
U123,Battery,B031,3
U123,Battery,B018,2
U123,Battery,B040,5
U124,Panel,P071,4
U124,Panel,P033,4
U124,Panel,P023,1
U124,Panel,P027,5
U124,Panel,P076,3
U124,Panel,P067,5
U124,Panel,P051,3
U124,Panel,P002,5
U124,Inverter,I009,2
U124,Inverter,I047,1
U124,Inverter,I040,5
U124,Inverter,I028,3
U124,Inverter,I020,5
U124,Inverter,I005,4
U124,Inverter,I003,4
U124,Battery,B026,4
U124,Battery,B049,4
U124,Battery,B042,3
U124,Battery,B050,5
U124,Battery,B028,1
U124,Battery,B012,5
U125,Panel,P079,3
U125,Panel,P076,4
U125,Panel,P062,4
U125,Panel,P021,3
U125,Panel,P015,5
U125,Panel,P039,5
U125,Panel,P075,5
U125,Panel,P002,4
U125,Panel,P099,5
U125,Panel,P085,5
U125,Inverter,I030,4
U125,Inverter,I027,3
U125,Inverter,I010,1
U125,Inverter,I047,3
U125,Inverter,I004,3
U125,Battery,B035,5
U125,Battery,B022,2
U125,Battery,B011,5
U125,Battery,B026,4
U126,Panel,P054,1
U126,Panel,P018,5
U126,Panel,P042,4
U126,Panel,P083,2
U126,Panel,P078,4
U126,Inverter,I028,3
U126,Inverter,I048,5
U126,Inverter,I049,5
U126,Inverter,I008,2
U126,Inverter,I046,2
U126,Inverter,I039,3
U126,Battery,B019,4
U126,Battery,B031,1
U126,Battery,B009,4
U127,Panel,P014,4
U127,Panel,P013,5
U127,Panel,P015,5
U127,Panel,P096,3
U127,Panel,P093,4
U127,Panel,P035,4
U127,Panel,P024,4
U127,Panel,P072,4
U127,Inverter,I021,5
U127,Inverter,I023,5
U127,Inverter,I004,4
U127,Inverter,I008,5
U127,Battery,B013,4
U127,Battery,B003,5
U127,Battery,B050,5
U127,Battery,B022,4
U127,Battery,B011,5
U127,Battery,B017,2
U128,Panel,P054,3
U128,Panel,P100,5
U128,Panel,P008,5
U128,Panel,P034,4
U128,Panel,P035,3
U128,Panel,P019,4
U128,Panel,P055,5
U128,Panel,P020,5
U128,Panel,P029,3
U128,Inverter,I003,5
U128,Inverter,I040,5
U128,Inverter,I039,1
U128,Inverter,I021,5
U128,Inverter,I014,4
U128,Inverter,I005,5
U128,Battery,B003,5
U128,Battery,B007,5
U128,Battery,B035,1
U128,Battery,B048,5
U128,Battery,B038,3
U128,Battery,B028,3
U128,Battery,B033,5
U129,Panel,P047,4
U129,Panel,P037,4
U129,Panel,P080,3
U129,Panel,P087,4
U129,Panel,P004,4
U129,Panel,P072,5
U129,Panel,P089,3
U129,Inverter,I029,5
U129,Inverter,I024,4
U129,Inverter,I049,5
U129,Inverter,I014,2
U129,Inverter,I004,4
U129,Battery,B039,1
U129,Battery,B015,5
U129,Battery,B006,5
U129,Battery,B044,4
U129,Battery,B045,4
U130,Panel,P053,5
U130,Panel,P001,3
U130,Panel,P041,4
U130,Panel,P026,4
U130,Panel,P028,5
U130,Panel,P057,4
U130,Inverter,I040,3
U130,Inverter,I035,4
U130,Inverter,I018,3
U130,Inverter,I045,4
U130,Inverter,I017,4
U130,Battery,B013,5
U130,Battery,B006,4
U130,Battery,B037,3
U130,Battery,B015,3
U130,Battery,B029,2
U130,Battery,B010,4
U131,Panel,P048,5
U131,Panel,P003,3
U131,Panel,P063,4
U131,Panel,P035,4
U131,Panel,P052,4
U131,Panel,P054,4
U131,Panel,P092,3
U131,Panel,P079,4
U131,Panel,P058,4
U131,Inverter,I044,5
U131,Inverter,I040,1
U131,Inverter,I026,4
U131,Inverter,I016,4
U131,Battery,B024,3
U131,Battery,B001,5
U131,Battery,B006,2
U132,Panel,P038,4
U132,Panel,P087,3
U132,Panel,P020,4
U132,Panel,P081,3
U132,Panel,P098,4
U132,Panel,P052,4
U132,Inverter,I026,3
U132,Inverter,I013,5
U132,Inverter,I035,5
U132,Battery,B048,3
U132,Battery,B025,4
U132,Battery,B011,3
U132,Battery,B039,3
U132,Battery,B032,4
U133,Panel,P019,3
U133,Panel,P075,4
U133,Panel,P090,5
U133,Panel,P046,3
U133,Panel,P025,4
U133,Panel,P045,5
U133,Panel,P012,5
U133,Panel,P027,3
U133,Inverter,I021,5
U133,Inverter,I002,3
U133,Inverter,I048,1
U133,Battery,B014,5
U133,Battery,B029,2
U133,Battery,B007,5
U133,Battery,B001,3
U134,Panel,P017,3
U134,Panel,P011,3
U134,Panel,P025,5
U134,Panel,P090,4
U134,Panel,P033,1
U134,Panel,P043,5
U134,Panel,P008,3
U134,Inverter,I037,2
U134,Inverter,I034,5
U134,Inverter,I028,4
U134,Inverter,I024,4
U134,Inverter,I050,4
U134,Battery,B038,5
U134,Battery,B044,5
U134,Battery,B033,1
U135,Panel,P012,5
U135,Panel,P090,5
U135,Panel,P024,4
U135,Panel,P051,5
U135,Panel,P042,3
U135,Panel,P001,4
U135,Panel,P073,1
U135,Panel,P057,2
U135,Inverter,I030,5
U135,Inverter,I013,4
U135,Inverter,I017,4
U135,Inverter,I038,1
U135,Inverter,I032,4
U135,Battery,B005,4
U135,Battery,B038,4
U135,Battery,B006,4
U135,Battery,B017,5
U135,Battery,B004,5
U135,Battery,B042,2
U135,Battery,B033,3
U136,Panel,P078,5
U136,Panel,P030,4
U136,Panel,P015,4
U136,Panel,P014,4
U136,Panel,P096,4
U136,Panel,P029,5
U136,Inverter,I038,5
U136,Inverter,I016,3
U136,Inverter,I039,4
U136,Inverter,I020,3
U136,Inverter,I044,3
U136,Inverter,I025,1
U136,Battery,B039,5
U136,Battery,B045,4
U136,Battery,B037,4
U136,Battery,B016,5
U136,Battery,B007,2
U136,Battery,B020,3
U136,Battery,B005,4
U137,Panel,P004,5
U137,Panel,P025,4
U137,Panel,P059,5
U137,Panel,P076,3
U137,Panel,P051,4
U137,Panel,P030,4
U137,Panel,P008,5
U137,Panel,P084,3
U137,Inverter,I047,4
U137,Inverter,I023,5
U137,Inverter,I018,5
U137,Inverter,I017,4
U137,Battery,B050,3
U137,Battery,B003,3
U137,Battery,B008,2
U137,Battery,B042,5
U137,Battery,B015,4
U137,Battery,B034,3
U137,Battery,B047,4
U138,Panel,P061,4
U138,Panel,P015,3
U138,Panel,P062,4
U138,Panel,P082,5
U138,Panel,P042,4
U138,Panel,P037,3
U138,Panel,P084,3
U138,Inverter,I021,1
U138,Inverter,I006,5
U138,Inverter,I001,1
U138,Inverter,I028,4
U138,Inverter,I026,3
U138,Inverter,I017,3
U138,Battery,B028,5
U138,Battery,B009,5
U138,Battery,B005,4
U139,Panel,P066,3
U139,Panel,P001,5
U139,Panel,P017,5
U139,Panel,P052,4
U139,Panel,P099,5
U139,Inverter,I036,5
U139,Inverter,I008,4
U139,Inverter,I022,4
U139,Inverter,I039,3
U139,Battery,B029,4
U139,Battery,B027,2
U139,Battery,B038,5
U139,Battery,B049,3
U140,Panel,P041,3
U140,Panel,P004,3
U140,Panel,P070,5
U140,Panel,P083,5
U140,Panel,P097,3
U140,Panel,P003,3
U140,Panel,P030,5
U140,Panel,P065,4
U140,Panel,P031,5
U140,Panel,P078,3
U140,Inverter,I012,3
U140,Inverter,I015,4
U140,Inverter,I024,2
U140,Inverter,I010,4
U140,Battery,B005,4
U140,Battery,B013,4
U140,Battery,B049,2
U140,Battery,B045,5
U140,Battery,B018,3
U141,Panel,P028,3
U141,Panel,P030,4
U141,Panel,P062,2
U141,Panel,P098,2
U141,Panel,P044,2
U141,Panel,P035,5
U141,Panel,P029,5
U141,Panel,P037,4
U141,Inverter,I020,5
U141,Inverter,I017,5
U141,Inverter,I036,4
U141,Inverter,I009,4
U141,Inverter,I042,4
U141,Battery,B025,1
U141,Battery,B007,5
U141,Battery,B040,2
U141,Battery,B031,3
U141,Battery,B036,4
U141,Battery,B047,5
U142,Panel,P092,3
U142,Panel,P007,3
U142,Panel,P053,4
U142,Panel,P039,2
U142,Panel,P041,4
U142,Panel,P062,4
U142,Inverter,I005,3
U142,Inverter,I045,5
U142,Inverter,I050,3
U142,Inverter,I044,3
U142,Battery,B038,5
U142,Battery,B027,5
U142,Battery,B007,5
U142,Battery,B004,5
U143,Panel,P089,1
U143,Panel,P020,1
U143,Panel,P078,5
U143,Panel,P047,5
U143,Panel,P039,5
U143,Panel,P015,3
U143,Panel,P026,4
U143,Panel,P025,4
U143,Inverter,I015,3
U143,Inverter,I047,1
U143,Inverter,I018,4
U143,Inverter,I012,3
U143,Inverter,I036,5
U143,Inverter,I030,4
U143,Inverter,I009,5
U143,Battery,B042,4
U143,Battery,B028,5
U143,Battery,B027,4
U143,Battery,B046,1
U143,Battery,B004,5
U144,Panel,P093,3
U144,Panel,P086,3
U144,Panel,P068,3
U144,Panel,P089,5
U144,Panel,P076,3
U144,Panel,P027,2
U144,Panel,P019,5
U144,Panel,P092,5
U144,Panel,P081,5
U144,Panel,P029,4
U144,Inverter,I013,5
U144,Inverter,I011,5
U144,Inverter,I019,2
U144,Inverter,I033,3
U144,Battery,B022,4
U144,Battery,B028,3
U144,Battery,B042,4
U145,Panel,P020,4
U145,Panel,P069,2
U145,Panel,P057,3
U145,Panel,P035,4
U145,Panel,P031,5
U145,Panel,P085,3
U145,Panel,P006,4
U145,Panel,P078,4
U145,Panel,P070,5
U145,Inverter,I001,2
U145,Inverter,I020,5
U145,Inverter,I030,3
U145,Inverter,I027,3
U145,Inverter,I038,4
U145,Inverter,I044,3
U145,Inverter,I008,4
U145,Battery,B043,4
U145,Battery,B039,4
U145,Battery,B046,3
U146,Panel,P008,5
U146,Panel,P006,4
U146,Panel,P083,4
U146,Panel,P048,4
U146,Panel,P026,3
U146,Panel,P050,5
U146,Inverter,I006,4
U146,Inverter,I015,5
U146,Inverter,I048,4
U146,Inverter,I038,4
U146,Battery,B011,4
U146,Battery,B046,5
U146,Battery,B030,3
U146,Battery,B023,5
U146,Battery,B025,4
U147,Panel,P014,3
U147,Panel,P004,4
U147,Panel,P076,4
U147,Panel,P096,4
U147,Panel,P091,5
U147,Panel,P021,5
U147,Inverter,I028,5
U147,Inverter,I037,3
U147,Inverter,I019,4
U147,Inverter,I015,2
U147,Battery,B032,5
U147,Battery,B039,5
U147,Battery,B010,4
U147,Battery,B017,5
U147,Battery,B033,4
U147,Battery,B023,4
U147,Battery,B049,4
U148,Panel,P040,5
U148,Panel,P009,5
U148,Panel,P020,4
U148,Panel,P044,5
U148,Panel,P051,4
U148,Panel,P064,4
U148,Inverter,I033,2
U148,Inverter,I049,2
U148,Inverter,I001,3
U148,Inverter,I024,5
U148,Inverter,I013,5
U148,Inverter,I037,5
U148,Battery,B049,5
U148,Battery,B045,4
U148,Battery,B050,3
U148,Battery,B036,5
U148,Battery,B044,4
U148,Battery,B020,3
U149,Panel,P036,4
U149,Panel,P001,5
U149,Panel,P008,5
U149,Panel,P020,3
U149,Panel,P032,4
U149,Inverter,I026,5
U149,Inverter,I048,1
U149,Inverter,I004,2
U149,Inverter,I019,5
U149,Inverter,I028,5
U149,Inverter,I023,5
U149,Battery,B007,5
U149,Battery,B028,3
U149,Battery,B009,5
U150,Panel,P035,4
U150,Panel,P019,4
U150,Panel,P025,4
U150,Panel,P027,5
U150,Panel,P024,3
U150,Panel,P014,5
U150,Panel,P013,4
U150,Inverter,I038,3
U150,Inverter,I033,4
U150,Inverter,I049,4
U150,Inverter,I019,3
U150,Inverter,I017,1
U150,Inverter,I005,4
U150,Battery,B033,5
U150,Battery,B005,5
U150,Battery,B027,5
U150,Battery,B015,5
U150,Battery,B008,4
U151,Panel,P042,5
U151,Panel,P039,5
U151,Panel,P021,4
U151,Panel,P077,5
U151,Panel,P084,2
U151,Panel,P019,5
U151,Panel,P036,5
U151,Panel,P006,2
U151,Panel,P065,3
U151,Panel,P009,1
U151,Inverter,I022,4
U151,Inverter,I030,5
U151,Inverter,I013,4
U151,Inverter,I006,3
U151,Inverter,I002,5
U151,Inverter,I038,3
U151,Battery,B034,4
U151,Battery,B044,4
U151,Battery,B036,3
U151,Battery,B041,4
U152,Panel,P033,3
U152,Panel,P075,3
U152,Panel,P067,4
U152,Panel,P097,1
U152,Panel,P005,3
U152,Panel,P055,4
U152,Panel,P027,3
U152,Panel,P018,4
U152,Panel,P022,2
U152,Inverter,I044,4
U152,Inverter,I022,5
U152,Inverter,I016,3
U152,Inverter,I034,4
U152,Battery,B029,4
U152,Battery,B040,4
U152,Battery,B037,3
U152,Battery,B009,4
U153,Panel,P084,4
U153,Panel,P019,5
U153,Panel,P052,5
U153,Panel,P098,3
U153,Panel,P090,4
U153,Panel,P043,5
U153,Panel,P033,5
U153,Panel,P100,4
U153,Panel,P051,3
U153,Panel,P064,4
U153,Inverter,I012,4
U153,Inverter,I034,4
U153,Inverter,I010,5
U153,Inverter,I040,2
U153,Inverter,I029,3
U153,Inverter,I003,3
U153,Inverter,I027,4
U153,Battery,B008,2
U153,Battery,B044,4
U153,Battery,B031,3
U154,Panel,P087,5
U154,Panel,P050,5
U154,Panel,P064,5
U154,Panel,P020,4
U154,Panel,P044,3
U154,Panel,P090,4
U154,Panel,P099,4
U154,Panel,P078,5
U154,Panel,P082,3
U154,Panel,P092,4
U154,Inverter,I025,4
U154,Inverter,I038,3
U154,Inverter,I018,3
U154,Inverter,I012,5
U154,Battery,B008,3
U154,Battery,B040,1
U154,Battery,B007,3
U154,Battery,B031,5
U154,Battery,B002,5
U154,Battery,B001,4
U154,Battery,B027,4
U155,Panel,P098,5
U155,Panel,P027,4
U155,Panel,P094,4
U155,Panel,P081,1
U155,Panel,P055,3
U155,Inverter,I001,5
U155,Inverter,I006,5
U155,Inverter,I022,2
U155,Inverter,I033,5
U155,Battery,B047,4
U155,Battery,B017,3
U155,Battery,B012,3
U155,Battery,B013,4
U155,Battery,B003,5
U156,Panel,P043,5
U156,Panel,P084,4
U156,Panel,P082,3
U156,Panel,P013,3
U156,Panel,P059,5
U156,Panel,P016,5
U156,Panel,P026,2
U156,Inverter,I022,2
U156,Inverter,I007,4
U156,Inverter,I014,4
U156,Inverter,I037,3
U156,Battery,B050,2
U156,Battery,B026,5
U156,Battery,B019,5
U156,Battery,B042,4
U156,Battery,B048,3
U156,Battery,B043,5
U156,Battery,B044,5
U157,Panel,P062,5
U157,Panel,P041,3
U157,Panel,P018,3
U157,Panel,P017,5
U157,Panel,P006,5
U157,Panel,P099,3
U157,Panel,P012,5
U157,Inverter,I017,5
U157,Inverter,I013,5
U157,Inverter,I019,3
U157,Inverter,I026,5
U157,Battery,B021,3
U157,Battery,B048,5
U157,Battery,B029,4
U157,Battery,B006,4
U157,Battery,B044,3
U158,Panel,P087,3
U158,Panel,P059,3
U158,Panel,P008,5
U158,Panel,P026,3
U158,Panel,P079,4
U158,Panel,P035,4
U158,Panel,P041,4
U158,Panel,P028,4
U158,Inverter,I043,4
U158,Inverter,I004,4
U158,Inverter,I027,5
U158,Battery,B012,2
U158,Battery,B008,4
U158,Battery,B043,1
U158,Battery,B018,1
U158,Battery,B019,3
U159,Panel,P062,4
U159,Panel,P074,2
U159,Panel,P034,4
U159,Panel,P017,5
U159,Panel,P068,2
U159,Panel,P053,2
U159,Panel,P087,5
U159,Panel,P011,4
U159,Inverter,I035,4
U159,Inverter,I047,5
U159,Inverter,I027,2
U159,Inverter,I003,2
U159,Battery,B046,5
U159,Battery,B026,4
U159,Battery,B043,5
U159,Battery,B031,4
U159,Battery,B010,5
U159,Battery,B002,1
U159,Battery,B012,5
U160,Panel,P023,4
U160,Panel,P093,4
U160,Panel,P050,4
U160,Panel,P090,3
U160,Panel,P033,4
U160,Panel,P017,3
U160,Panel,P015,2
U160,Panel,P031,5
U160,Panel,P010,1
U160,Inverter,I038,5
U160,Inverter,I040,3
U160,Inverter,I001,4
U160,Inverter,I020,1
U160,Inverter,I030,1
U160,Battery,B036,5
U160,Battery,B017,5
U160,Battery,B043,2
U160,Battery,B002,2
U160,Battery,B009,1
U161,Panel,P083,5
U161,Panel,P091,1
U161,Panel,P002,4
U161,Panel,P081,4
U161,Panel,P069,2
U161,Inverter,I004,4
U161,Inverter,I020,5
U161,Inverter,I019,1
U161,Inverter,I017,5
U161,Inverter,I006,5
U161,Inverter,I047,5
U161,Inverter,I024,3
U161,Battery,B046,3
U161,Battery,B035,5
U161,Battery,B004,4
U161,Battery,B030,4
U161,Battery,B002,4
U162,Panel,P037,3
U162,Panel,P059,3
U162,Panel,P026,5
U162,Panel,P081,2
U162,Panel,P049,5
U162,Panel,P004,4
U162,Panel,P083,2
U162,Panel,P094,3
U162,Inverter,I033,5
U162,Inverter,I001,4
U162,Inverter,I031,5
U162,Inverter,I034,2
U162,Inverter,I010,4
U162,Battery,B043,4
U162,Battery,B047,4
U162,Battery,B025,1
U162,Battery,B037,4
U162,Battery,B021,5
U163,Panel,P007,3
U163,Panel,P075,5
U163,Panel,P080,5
U163,Panel,P060,5
U163,Panel,P029,2
U163,Panel,P099,4
U163,Inverter,I046,5
U163,Inverter,I042,3
U163,Inverter,I043,5
U163,Inverter,I012,3
U163,Inverter,I010,4
U163,Inverter,I047,2
U163,Inverter,I002,3
U163,Battery,B019,5
U163,Battery,B037,4
U163,Battery,B035,4
U163,Battery,B049,5
U163,Battery,B028,4
U164,Panel,P064,3
U164,Panel,P010,3
U164,Panel,P071,5
U164,Panel,P044,5
U164,Panel,P074,5
U164,Panel,P080,3
U164,Panel,P078,3
U164,Panel,P013,4
U164,Panel,P001,4
U164,Inverter,I008,4
U164,Inverter,I033,4
U164,Inverter,I004,2
U164,Inverter,I019,3
U164,Inverter,I011,3
U164,Inverter,I050,4
U164,Battery,B027,2
U164,Battery,B006,4
U164,Battery,B019,3
U164,Battery,B010,3
U165,Panel,P092,1
U165,Panel,P025,4
U165,Panel,P072,3
U165,Panel,P032,2
U165,Panel,P073,3
U165,Panel,P074,4
U165,Panel,P048,5
U165,Panel,P011,5
U165,Panel,P015,3
U165,Inverter,I034,5
U165,Inverter,I047,5
U165,Inverter,I026,5
U165,Inverter,I039,5
U165,Inverter,I021,5
U165,Inverter,I016,3
U165,Inverter,I004,5
U165,Battery,B021,4
U165,Battery,B022,2
U165,Battery,B038,4
U165,Battery,B003,3
U165,Battery,B033,2
U165,Battery,B026,2
U165,Battery,B006,2
U166,Panel,P052,4
U166,Panel,P083,5
U166,Panel,P056,5
U166,Panel,P062,3
U166,Panel,P087,4
U166,Panel,P076,1
U166,Inverter,I008,3
U166,Inverter,I034,4
U166,Inverter,I031,4
U166,Battery,B042,4
U166,Battery,B007,5
U166,Battery,B043,4
U166,Battery,B034,4
U166,Battery,B020,3
U167,Panel,P099,5
U167,Panel,P044,5
U167,Panel,P094,4
U167,Panel,P081,5
U167,Panel,P042,3
U167,Panel,P007,2
U167,Panel,P035,5
U167,Panel,P047,5
U167,Panel,P033,4
U167,Inverter,I019,4
U167,Inverter,I045,5
U167,Inverter,I009,4
U167,Inverter,I048,4
U167,Inverter,I004,4
U167,Battery,B013,4
U167,Battery,B023,4
U167,Battery,B041,5
U168,Panel,P046,4
U168,Panel,P019,4
U168,Panel,P083,1
U168,Panel,P067,4
U168,Panel,P045,5
U168,Panel,P040,4
U168,Panel,P054,1
U168,Inverter,I024,4
U168,Inverter,I004,4
U168,Inverter,I044,5
U168,Inverter,I022,5
U168,Inverter,I035,4
U168,Inverter,I016,4
U168,Inverter,I014,4
U168,Battery,B029,3
U168,Battery,B021,1
U168,Battery,B050,2
U168,Battery,B018,4
U168,Battery,B037,5
U169,Panel,P066,5
U169,Panel,P036,4
U169,Panel,P097,5
U169,Panel,P040,5
U169,Panel,P017,3
U169,Panel,P073,5
U169,Panel,P008,5
U169,Panel,P018,3
U169,Panel,P053,4
U169,Inverter,I003,4
U169,Inverter,I019,4
U169,Inverter,I035,4
U169,Inverter,I014,4
U169,Inverter,I017,4
U169,Inverter,I015,4
U169,Battery,B021,5
U169,Battery,B002,3
U169,Battery,B017,4
U170,Panel,P023,4
U170,Panel,P046,2
U170,Panel,P038,2
U170,Panel,P069,3
U170,Panel,P039,2
U170,Inverter,I030,3
U170,Inverter,I001,2
U170,Inverter,I016,5
U170,Inverter,I047,3
U170,Inverter,I013,4
U170,Battery,B016,2
U170,Battery,B019,5
U170,Battery,B042,3
U170,Battery,B015,4
U170,Battery,B043,2
U170,Battery,B026,5
U170,Battery,B032,3
U171,Panel,P056,5
U171,Panel,P030,4
U171,Panel,P094,4
U171,Panel,P066,5
U171,Panel,P098,3
U171,Panel,P034,4
U171,Panel,P044,5
U171,Panel,P006,1
U171,Inverter,I038,5
U171,Inverter,I039,5
U171,Inverter,I048,4
U171,Inverter,I044,5
U171,Battery,B008,4
U171,Battery,B024,3
U171,Battery,B030,4
U171,Battery,B021,5
U172,Panel,P100,5
U172,Panel,P024,5
U172,Panel,P065,4
U172,Panel,P080,1
U172,Panel,P026,3
U172,Inverter,I010,2
U172,Inverter,I011,5
U172,Inverter,I003,2
U172,Inverter,I044,5
U172,Inverter,I029,4
U172,Battery,B011,4
U172,Battery,B045,3
U172,Battery,B033,5
U173,Panel,P074,4
U173,Panel,P014,5
U173,Panel,P008,4
U173,Panel,P078,5
U173,Panel,P025,1
U173,Panel,P053,3
U173,Inverter,I001,5
U173,Inverter,I008,4
U173,Inverter,I040,5
U173,Battery,B006,4
U173,Battery,B048,4
U173,Battery,B012,2
U173,Battery,B034,2
U174,Panel,P093,4
U174,Panel,P085,5
U174,Panel,P026,4
U174,Panel,P068,3
U174,Panel,P081,4
U174,Panel,P092,4
U174,Panel,P065,4
U174,Inverter,I034,2
U174,Inverter,I020,2
U174,Inverter,I012,2
U174,Inverter,I015,4
U174,Inverter,I010,3
U174,Inverter,I009,4
U174,Battery,B006,5
U174,Battery,B016,5
U174,Battery,B046,5
U174,Battery,B011,2
U174,Battery,B041,4
U174,Battery,B019,2
U175,Panel,P091,5
U175,Panel,P094,4
U175,Panel,P058,4
U175,Panel,P063,5
U175,Panel,P028,3
U175,Inverter,I018,4
U175,Inverter,I013,4
U175,Inverter,I029,5
U175,Inverter,I004,4
U175,Inverter,I045,4
U175,Inverter,I010,4
U175,Battery,B032,3
U175,Battery,B008,3
U175,Battery,B047,5
U176,Panel,P067,3
U176,Panel,P072,5
U176,Panel,P035,4
U176,Panel,P084,2
U176,Panel,P023,5
U176,Panel,P079,3
U176,Panel,P031,4
U176,Panel,P020,5
U176,Panel,P075,2
U176,Panel,P040,4
U176,Inverter,I015,5
U176,Inverter,I033,2
U176,Inverter,I019,5
U176,Battery,B027,4
U176,Battery,B036,3
U176,Battery,B031,4
U177,Panel,P038,4
U177,Panel,P095,5
U177,Panel,P074,3
U177,Panel,P028,5
U177,Panel,P031,2
U177,Panel,P052,4
U177,Panel,P079,4
U177,Panel,P019,3
U177,Panel,P037,5
U177,Panel,P046,2
U177,Inverter,I028,4
U177,Inverter,I014,5
U177,Inverter,I016,5
U177,Inverter,I036,1
U177,Battery,B014,4
U177,Battery,B032,3
U177,Battery,B003,4
U177,Battery,B037,2
U177,Battery,B017,1
U177,Battery,B016,5
U177,Battery,B034,4
U178,Panel,P002,3
U178,Panel,P056,3
U178,Panel,P045,4
U178,Panel,P063,4
U178,Panel,P033,5
U178,Panel,P018,5
U178,Inverter,I003,2
U178,Inverter,I047,4
U178,Inverter,I050,1
U178,Inverter,I012,4
U178,Inverter,I023,4
U178,Battery,B005,1
U178,Battery,B037,4
U178,Battery,B032,4
U178,Battery,B013,4
U178,Battery,B045,3
U179,Panel,P040,4
U179,Panel,P006,5
U179,Panel,P094,4
U179,Panel,P035,2
U179,Panel,P100,2
U179,Panel,P019,3
U179,Inverter,I044,4
U179,Inverter,I007,3
U179,Inverter,I005,4
U179,Inverter,I048,5
U179,Inverter,I030,4
U179,Inverter,I022,4
U179,Battery,B002,3
U179,Battery,B019,5
U179,Battery,B005,4
U179,Battery,B029,5
U179,Battery,B036,3
U180,Panel,P076,4
U180,Panel,P042,3
U180,Panel,P072,3
U180,Panel,P052,5
U180,Panel,P057,5
U180,Inverter,I040,5
U180,Inverter,I046,3
U180,Inverter,I013,4
U180,Battery,B010,2
U180,Battery,B026,5
U180,Battery,B011,4
U181,Panel,P046,4
U181,Panel,P066,4
U181,Panel,P047,4
U181,Panel,P025,4
U181,Panel,P059,3
U181,Panel,P096,3
U181,Panel,P049,5
U181,Panel,P075,1
U181,Panel,P048,5
U181,Panel,P053,4
U181,Inverter,I014,4
U181,Inverter,I030,5
U181,Inverter,I002,4
U181,Inverter,I024,5
U181,Inverter,I042,4
U181,Inverter,I008,4
U181,Battery,B024,3
U181,Battery,B025,5
U181,Battery,B028,4
U181,Battery,B036,4
U181,Battery,B014,5
U182,Panel,P069,5
U182,Panel,P075,5
U182,Panel,P011,3
U182,Panel,P064,5
U182,Panel,P061,4
U182,Panel,P063,4
U182,Inverter,I046,4
U182,Inverter,I018,3
U182,Inverter,I039,4
U182,Inverter,I033,4
U182,Battery,B018,4
U182,Battery,B022,5
U182,Battery,B012,3
U182,Battery,B007,5
U183,Panel,P083,4
U183,Panel,P051,1
U183,Panel,P004,4
U183,Panel,P089,5
U183,Panel,P014,5
U183,Panel,P027,5
U183,Panel,P075,5
U183,Panel,P005,3
U183,Inverter,I029,5
U183,Inverter,I025,4
U183,Inverter,I026,5
U183,Inverter,I024,4
U183,Battery,B020,2
U183,Battery,B047,1
U183,Battery,B007,4
U183,Battery,B028,3
U183,Battery,B033,1
U184,Panel,P028,5
U184,Panel,P043,5
U184,Panel,P007,4
U184,Panel,P097,3
U184,Panel,P049,4
U184,Panel,P094,4
U184,Inverter,I041,5
U184,Inverter,I020,5
U184,Inverter,I010,5
U184,Inverter,I009,3
U184,Battery,B026,4
U184,Battery,B031,4
U184,Battery,B011,2
U184,Battery,B042,3
U184,Battery,B009,4
U185,Panel,P082,5
U185,Panel,P023,4
U185,Panel,P018,4
U185,Panel,P073,2
U185,Panel,P065,3
U185,Panel,P017,5
U185,Inverter,I010,4
U185,Inverter,I046,3
U185,Inverter,I007,4
U185,Inverter,I001,4
U185,Battery,B035,5
U185,Battery,B008,5
U185,Battery,B002,5
U185,Battery,B006,4
U185,Battery,B016,4
U185,Battery,B049,5
U185,Battery,B030,2
U186,Panel,P008,2
U186,Panel,P072,2
U186,Panel,P036,2
U186,Panel,P084,2
U186,Panel,P040,4
U186,Inverter,I014,4
U186,Inverter,I021,4
U186,Inverter,I016,2
U186,Inverter,I002,3
U186,Inverter,I032,3
U186,Inverter,I038,3
U186,Inverter,I005,4
U186,Battery,B002,4
U186,Battery,B015,3
U186,Battery,B013,5
U186,Battery,B017,4
U186,Battery,B043,5
U186,Battery,B005,2
U187,Panel,P010,3
U187,Panel,P098,3
U187,Panel,P048,5
U187,Panel,P056,3
U187,Panel,P081,3
U187,Panel,P090,5
U187,Panel,P003,1
U187,Inverter,I003,4
U187,Inverter,I024,3
U187,Inverter,I050,5
U187,Inverter,I040,5
U187,Battery,B019,4
U187,Battery,B023,4
U187,Battery,B003,4
U187,Battery,B012,3
U187,Battery,B047,2
U188,Panel,P076,4
U188,Panel,P008,4
U188,Panel,P047,4
U188,Panel,P078,1
U188,Panel,P024,5
U188,Inverter,I029,5
U188,Inverter,I030,4
U188,Inverter,I014,3
U188,Battery,B023,5
U188,Battery,B026,5
U188,Battery,B036,3
U189,Panel,P020,4
U189,Panel,P001,4
U189,Panel,P093,1
U189,Panel,P041,3
U189,Panel,P072,3
U189,Panel,P009,1
U189,Panel,P061,5
U189,Panel,P062,5
U189,Inverter,I038,5
U189,Inverter,I031,2
U189,Inverter,I036,5
U189,Inverter,I025,5
U189,Inverter,I049,5
U189,Inverter,I020,4
U189,Inverter,I026,3
U189,Battery,B016,4
U189,Battery,B042,3
U189,Battery,B028,3
U190,Panel,P024,2
U190,Panel,P041,5
U190,Panel,P045,5
U190,Panel,P035,5
U190,Panel,P026,4
U190,Panel,P097,5
U190,Panel,P067,2
U190,Panel,P054,1
U190,Inverter,I044,4
U190,Inverter,I048,4
U190,Inverter,I026,5
U190,Inverter,I035,3
U190,Inverter,I042,4
U190,Battery,B013,2
U190,Battery,B009,2
U190,Battery,B007,4
U190,Battery,B017,4
U190,Battery,B005,5
U190,Battery,B024,3
U191,Panel,P065,3
U191,Panel,P080,5
U191,Panel,P049,4
U191,Panel,P010,1
U191,Panel,P052,4
U191,Panel,P089,3
U191,Inverter,I041,2
U191,Inverter,I004,5
U191,Inverter,I031,3
U191,Inverter,I046,5
U191,Inverter,I015,5
U191,Inverter,I048,4
U191,Inverter,I022,5
U191,Battery,B050,5
U191,Battery,B033,2
U191,Battery,B003,4
U191,Battery,B005,4
U191,Battery,B008,4
U191,Battery,B042,4
U191,Battery,B044,5
U192,Panel,P044,5
U192,Panel,P093,5
U192,Panel,P063,3
U192,Panel,P090,5
U192,Panel,P049,3
U192,Panel,P091,3
U192,Panel,P092,2
U192,Panel,P012,4
U192,Panel,P084,4
U192,Panel,P009,4
U192,Inverter,I035,1
U192,Inverter,I047,5
U192,Inverter,I023,4
U192,Inverter,I045,5
U192,Inverter,I026,3
U192,Inverter,I030,1
U192,Inverter,I042,4
U192,Battery,B034,5
U192,Battery,B018,1
U192,Battery,B013,5
U192,Battery,B005,4
U192,Battery,B050,2
U193,Panel,P063,5
U193,Panel,P086,5
U193,Panel,P030,5
U193,Panel,P081,1
U193,Panel,P099,5
U193,Panel,P093,4
U193,Panel,P055,4
U193,Panel,P020,4
U193,Panel,P040,5
U193,Inverter,I010,3
U193,Inverter,I011,5
U193,Inverter,I012,3
U193,Inverter,I005,1
U193,Inverter,I042,4
U193,Battery,B018,2
U193,Battery,B013,4
U193,Battery,B025,4
U193,Battery,B002,3
U193,Battery,B015,2
U194,Panel,P077,3
U194,Panel,P040,3
U194,Panel,P055,4
U194,Panel,P086,4
U194,Panel,P098,4
U194,Inverter,I031,4
U194,Inverter,I002,3
U194,Inverter,I048,3
U194,Inverter,I017,3
U194,Inverter,I026,4
U194,Battery,B029,4
U194,Battery,B004,3
U194,Battery,B033,5
U194,Battery,B025,4
U194,Battery,B023,4
U195,Panel,P016,5
U195,Panel,P013,4
U195,Panel,P017,2
U195,Panel,P078,1
U195,Panel,P018,3
U195,Inverter,I043,2
U195,Inverter,I021,4
U195,Inverter,I011,4
U195,Inverter,I007,4
U195,Inverter,I038,5
U195,Inverter,I020,4
U195,Inverter,I012,5
U195,Battery,B034,4
U195,Battery,B024,2
U195,Battery,B020,1
U196,Panel,P090,4
U196,Panel,P094,5
U196,Panel,P036,5
U196,Panel,P043,4
U196,Panel,P026,5
U196,Panel,P011,3
U196,Panel,P086,2
U196,Panel,P058,4
U196,Inverter,I028,2
U196,Inverter,I036,4
U196,Inverter,I047,5
U196,Inverter,I045,5
U196,Inverter,I042,4
U196,Battery,B026,3
U196,Battery,B022,3
U196,Battery,B017,4
U196,Battery,B010,5
U196,Battery,B001,4
U196,Battery,B019,4
U197,Panel,P069,5
U197,Panel,P072,4
U197,Panel,P041,5
U197,Panel,P083,3
U197,Panel,P080,1
U197,Panel,P074,4
U197,Panel,P058,5
U197,Panel,P098,5
U197,Panel,P019,4
U197,Panel,P089,4
U197,Inverter,I008,4
U197,Inverter,I005,4
U197,Inverter,I002,5
U197,Inverter,I033,4
U197,Inverter,I041,2
U197,Battery,B037,3
U197,Battery,B027,3
U197,Battery,B041,5
U197,Battery,B039,4
U197,Battery,B042,5
U198,Panel,P030,1
U198,Panel,P058,5
U198,Panel,P067,4
U198,Panel,P010,3
U198,Panel,P005,4
U198,Panel,P043,5
U198,Inverter,I041,4
U198,Inverter,I032,5
U198,Inverter,I033,5
U198,Inverter,I044,4
U198,Inverter,I023,2
U198,Inverter,I030,2
U198,Inverter,I020,5
U198,Battery,B031,4
U198,Battery,B045,1
U198,Battery,B023,5
U198,Battery,B040,2
U198,Battery,B009,3
U198,Battery,B021,3
U198,Battery,B011,4
U199,Panel,P023,5
U199,Panel,P043,5
U199,Panel,P081,3
U199,Panel,P085,5
U199,Panel,P006,1
U199,Inverter,I037,4
U199,Inverter,I019,5
U199,Inverter,I025,4
U199,Inverter,I038,2
U199,Inverter,I048,4
U199,Inverter,I002,4
U199,Battery,B021,3
U199,Battery,B034,3
U199,Battery,B044,5
U199,Battery,B006,5
U200,Panel,P060,4
U200,Panel,P019,5
U200,Panel,P088,5
U200,Panel,P044,4
U200,Panel,P078,3
U200,Panel,P022,4
U200,Panel,P013,4
U200,Panel,P043,3
U200,Panel,P058,4
U200,Inverter,I018,4
U200,Inverter,I046,5
U200,Inverter,I008,2
U200,Inverter,I036,1
U200,Battery,B023,3
U200,Battery,B041,3
U200,Battery,B039,4
U200,Battery,B026,2
U200,Battery,B006,4
